No.,Student ID,First Name,Father Name,GFather Name,Sex,Department,Block,Dorm,,
227,ETS0085/17,ABSALAT,TILAHUN,WORKU,F,FSN,B - 02,D-404,,
228,ETS0109/17,AFOMIA,GETU,SEIFU,F,FSN,B - 02,D-404,,
229,ETS0212/17,AYNABEBA,NEGESE,YENEALEM,F,FSN,B - 02,D-404,,
230,ETS0228/17,BARSENET,GIRMA,KEBEDE,F,FSN,B - 02,D-404,,
231,ETS0231/17,BEAMLAK,NEBIYOU,SHIMELES,F,FSN,B - 02,D-405,,
232,ETS0297/17,BETHELHEM,TSEGAY,BRHANU,F,FSN,B - 02,D-405,,
233,ETS0433/17,DEBORAH,ASSFAW,HABTEMARIAM,F,FSN,B - 02,D-405,,
234,ETS0436/17,DELINA,YONAS,LIBEN,F,FSN,B - 02,D-405,,
235,ETS0587/17,FIKIR,DEREJE,TEWABE,F,FSN,B - 02,D-406,,
236,ETS0602/16,FOZIA,FELEKE,YEMER,F,FSN,B - 02,D-406,,
237,ETS0627/17,GABRIELLA,YOSEPH,KASSAYE,F,FSN,B - 02,D-406,,
238,ETS0701/17,HANANE,ABDU,ATTA,F,FSN,B - 02,D-406,,
239,ETS0751/17,HILLARY,DANIEL,KEBEDE,F,FSN,B - 02,D-407,,
240,ETS0812/17,KALKIDAN,TILAYE,DAGNAW,F,FSN,B - 02,D-407,,
241,ETS0903/17,LEYLA,MUHAMMED,FENTA,F,FSN,B - 02,D-407,,
242,ETS0960/17,MEKDELAWIT,SHIMELIS,ABEBE,F,FSN,B - 02,D-408,,
243,ETS0983/17,MERON,ASHEBIR,SHIFERAW,F,FSN,B - 02,D-408,,
244,ETS0987/17,MERON,MULUGETA,ABEBE,F,FSN,B - 02,D-408,,
245,ETS1330/17,SENAIT,ASHEBIR,SHIFERAW,F,FSN,B - 02,D-408,,
246,ETS1418/17,TIHTINA,ASFAW,ANJULO,F,FSN,B - 02,D-409,,
247,ETS1623/17,ZINET,MUSTEFA,YESUF,F,FSN,B - 02,D-409,,
248,ETS1631/17,HASET,TEZERA,DILE,F,FSN,B - 02,D-409,,
249,ETS1634/17,AMEN,GETACHEW,FIKADU,F,FSN,B - 02,D-409,,
250,ETS1642/17,ARSEMA,FESEHA,ALEMAYEHU,F,FSN,B - 02,D-410,,
251,ETS1646/17,BEMNET,BERHANU,BELAYNEH,F,FSN,B - 02,D-410,,
252,ETS1651/17,BETELHEM,AREGA,TEFERI,F,FSN,B - 02,D-410,,
253,ETS1652/17,BETELHEM,AYALEW,GESSESE,F,FSN,B - 02,D-410,,
254,ETS1654/17,BETELHEM,BASHA,BEZA,F,FSN,B - 02,D-411,,
255,ETS1655/17,BETELHEM,MARU,MELSEW,F,FSN,B - 02,D-411,,
256,ETS1660/17,BETHELHEM,DAGNE,HAILE,F,FSN,B - 02,D-411,,
257,ETS1687/17,EMAN,HASSEN,SEID,F,FSN,B - 02,D-411,,
258,ETS1696/17,FENET,MELAKU,MERGA,F,FSN,B - 02,D-412,,
259,ETS1698/17,FIKIR,HAILE,SINTAYEHU,F,FSN,B - 02,D-412,,
260,ETS1714/17,HALA,ALI,HASSEN,F,FSN,B - 02,D-412,,
261,ETS1715/17,HALLELUJAH,ZEDAMU,HIGEEGZIABHER,F,FSN,B - 02,D-412,,
262,ETS1721/17,HAYMANOT,ABONEH,TILAHUN,F,FSN,B - 02,D-413,,
263,ETS1726/17,HERMELA,MESFIN,TEKLETSADIK,F,FSN,B - 02,D-413,,
264,ETS1729/17,HIWOT,TESFAYE,TEFERA,F,FSN,B - 02,D-413,,
265,ETS1730/17,HIWOT,YOSEPH,SHUMI,F,FSN,B - 02,D-413,,
266,ETS1748/17,LIDIYA,LEGESSE,SHIFERAW,F,FSN,B - 02,D-414,,
267,ETS1749/17,LIWAM,HAFTOM,ABRHA,F,FSN,B - 02,D-414,,
268,ETS1750/17,LOZA,MEKBIB,GEBREMICHAEL,F,FSN,B - 02,D-414,,
269,ETS1752/17,MAHLET,GIRMAY,HAILU,F,FSN,B - 02,D-414,,
270,ETS1754/17,MAHLET,NIBRET,SHUMET,F,FSN,B - 02,D-415,,
271,ETS1764/17,MELAT,BINALFEW,BIHONEGN,F,FSN,B - 02,D-415,,
272,ETS1766/17,MERON,MEKURIA,ASHAGRE,F,FSN,B - 02,D-415,,
273,ETS1769/17,MESKEREM,DERGE,YEHUALAW,F,FSN,B - 02,D-415,,
274,ETS1783/17,RAHEL,BERHANU,HAILE,F,FSN,B - 02,D-416,,
275,ETS1784/17,RAHEL,TAMIRAT,TANGA,F,FSN,B - 02,D-416,,
276,ETS1801/17,SARON,SAMSON,WORKU,F,FSN,B - 02,D-416,,
277,ETS1804/17,SELAMAWIT,TSEGAYE,DIRESS,F,FSN,B - 02,D-416,,
278,ETS1805/17,SEMIRA,HUSEN,AHIMED,F,FSN,B - 02,D-417,,
279,ETS1809/17,SIKET,BEZU,BESHIR,F,FSN,B - 02,D-417,,
280,ETS1815/17,SOLIYANA,SISAY,KIFLE,F,FSN,B - 02,D-417,,
281,ETS1816/17,SONAAN,YOSEPH,KANAA,F,FSN,B - 02,D-417,,
282,ETS1817/17,TADELECH,SOLOMON,AYELE,F,FSN,B - 02,D-418,,
283,ETS1825/17,WANGARI,GEZAHEGN,DEME,F,FSN,B - 02,D-418,,
284,ETS1827/17,YANET,AMEHA,TADDESSE,F,FSN,B - 02,D-418,,
285,ETS1832/17,YEABSIRA,MEKONNEN,AKALU,F,FSN,B - 02,D-418,,
286,ETS1834/17,YEMARIYAMNESH,GIRMA,TILAHUN,F,FSN,B - 02,D-419,,
287,ETS1705/17,FOZIYA,ABDULWOHAB,MEKA,F,GEOLOGY,B - 02,D-419,,
1,ETS0108/17,AFAF,JAFFER,ADEM,F,ARCH,B - 04,D-101,,
2,ETS0200/17,ARSEMAWIT,TEDLA,ARGAW,F,ARCH,B - 04,D-101,,
3,ETS0290/17,BETHEL,DESALEGN,GEBREMEDHIN,F,ARCH,B - 04,D-101,,
4,ETS0351/17,BITANYA,ESKINDER,KEBEDE,F,ARCH,B - 04,D-101,,
5,ETS0356/17,BLEN,GETACHEW,TAFESE,F,ARCH,B - 04,D-102,,
6,ETS0401/17,DAGMAWIT,GELETAW,DAMTEW,F,ARCH,B - 04,D-102,,
7,ETS0430/17,DBORAH,SHUMYE,GIZAW,F,ARCH,B - 04,D-102,,
8,ETS0446/17,DIMONA,MEHRETEAB,AREFAINE,F,ARCH,B - 04,D-102,,
9,ETS0585/17,FEVEN,ZERIHUN,TSEGAYE,F,ARCH,B - 04,D-103,,
10,ETS0607/17,FIRTUNA,HAILU,FENTE,F,ARCH,B - 04,D-103,,
11,ETS0615/17,FITSUM,YESUNEH,NEGASH,F,ARCH,B - 04,D-103,,
12,ETS0693/17,HANA,MEKONNEN,TAYE,F,ARCH,B - 04,D-103,,
13,ETS0695/17,HANAN,ABDO,WOYEMA,F,ARCH,B - 04,D-104,,
14,ETS0699/17,HANAN,MAHMOUD,MOHAMMED,F,ARCH,B - 04,D-104,,
15,ETS0710/17,HASSET,MESFIN,DERIBE,F,ARCH,B - 04,D-104,,
16,ETS0718/17,HELEN,KELEMU,MULUNEH,F,ARCH,B - 04,D-104,,
17,ETS0750/17,HILINA,TADESSE,MEKONNEN,F,ARCH,B - 04,D-105,,
18,ETS0777/17,JUWEYRIYA,SULTAN,SANI,F,ARCH,B - 04,D-105,,
19,ETS0870/17,KIYORNA,SISAY,TESFAYE,F,ARCH,B - 04,D-105,,
20,ETS0906/15,MERON,BIRHANU,BEKELE,F,ARCH,B - 04,D-105,,
21,ETS0942/17,MAKDA,MENGISTU,HAYLEMICHAEL,F,ARCH,B - 04,D-106,,
22,ETS0984/17,MERON,AYALEW,BEYENE,F,ARCH,B - 04,D-106,,
23,ETS0994/17,METI,ABEBE,GELETU,F,ARCH,B - 04,D-106,,
24,ETS1113/17,NARDOS,ABEBE,GETAHUN,F,ARCH,B - 04,D-106,,
25,ETS1242/17,REDIET,TEKLEYESUS,ADAL,F,ARCH,B - 04,D-107,,
26,ETS1415/17,TIGIST,MOGES,GIRMAY,F,ARCH,B - 04,D-107,,
27,ETS1421/17,TINDA,ABERA,ASFAW,F,ARCH,B - 04,D-107,,
28,ETS1472/17,YADEL,NEGEDE,GEBEYHU,F,ARCH,B - 04,D-107,,
29,ETS1491/17,YASMIN,MUBAREK,REDI,F,ARCH,B - 04,D-108,,
30,ETS0368/17,CHALTU,FIROMSA,GUDETA,F,BIOTECH,B - 04,D-108,,
31,ETS0469/17,EFRATA,DANIEL,BEKELE,F,BIOTECH,B - 04,D-108,,
32,ETS0535/17,EYERUSALEM,TSEGAYE,GEBREWOLD,F,BIOTECH,B - 04,D-108,,
33,ETS0745/17,HIKMA,ABDULSHIKUR,YESUF,F,BIOTECH,B - 04,D-109,,
34,ETS0985/17,MERON,BIRHANU,KASSA,F,BIOTECH,B - 04,D-109,,
35,ETS1234/17,REBECCA,MATIWOS,DEBASU,F,BIOTECH,B - 04,D-109,,
36,ETS1283/17,SAMRAWIT,GESESE,HALEFOM,F,BIOTECH,B - 04,D-109,,
37,ETS1318/17,SELAM,AREGA,SEMA,F,BIOTECH,B - 04,D-110,,
38,ETS1352/16,TIGEST,NIGUSE,DEBELA,F,BIOTECH,B - 04,D-110,,
39,ETS1354/16,TIGIST,DEMELIE,AREGA,F,BIOTECH,B - 04,D-110,,
40,ETS1359/17,SOLOME,TAMENE,DAMTIE,F,BIOTECH,B - 04,D-110,,
41,ETS1367/17,SORETI,ZENBABA,TADESSE,F,BIOTECH,B - 04,D-111,,
42,ETS1371/17,SUMEYA,MOHAMMED,SEID,F,BIOTECH,B - 04,D-111,,
43,ETS1423/17,TINSAE,ENDALEW,ADMASU,F,BIOTECH,B - 04,D-111,,
44,ETS1449/17,TSION,TSEGAYE,ALEBEL,F,BIOTECH,B - 04,D-111,,
45,ETS1452/17,VERONICA,BEKENA,DINSA,F,BIOTECH,B - 04,D-112,,
46,ETS1454/17,WINTANA,DEREJE,YIMER,F,BIOTECH,B - 04,D-112,,
47,ETS1462/17,WUBTSEGA,FIREW,BEKELE,F,BIOTECH,B - 04,D-112,,
48,ETS1664/17,BEZAWIT,SISAY,TESHALE,F,BIOTECH,B - 04,D-112,,
49,ETS1680/17,EDEN,BIRHAN,TILAYE,F,BIOTECH,B - 04,D-114,,
50,ETS1683/17,EGZIHARIA,MULUGETA,ANTENEH,F,BIOTECH,B - 04,D-114,,
51,ETS1722/17,HELA,HAILEMARIAM,MAMO,F,BIOTECH,B - 04,D-114,,
52,ETS1725/17,HERMELA,ESHETU,FELEKE,F,BIOTECH,B - 04,D-114,,
53,ETS1731/17,HOSSAINA,ABERA,ABEBE,F,BIOTECH,B - 04,D-115,,
54,ETS1743/17,LAMROT,MEKONNEN,DENBELO,F,BIOTECH,B - 04,D-115,,
55,ETS1747/17,LIDIYA,DAWIT,TIBEBE,F,BIOTECH,B - 04,D-115,,
56,ETS1751/17,MAEDOT,KIFLEMARIAM,GETAHUN,F,BIOTECH,B - 04,D-115,,
57,ETS1761/17,MEKDES,AREGAHEGN,ZENA,F,BIOTECH,B - 04,D-116,,
58,ETS1763/17,MEKLIT,DEMELASH,GIZAW,F,BIOTECH,B - 04,D-116,,
59,ETS1768/17,MESERET,DEREBE,GETU,F,BIOTECH,B - 04,D-116,,
60,ETS1770/17,MESKEREM,SHIMELES,ASFAW,F,BIOTECH,B - 04,D-116,,
61,ETS1779/17,NEJEWA,SHEHIBRAHIM,ABAS,F,BIOTECH,B - 04,D-117,,
62,ETS1794/17,SABELA,ATNATYOS,TAYE,F,BIOTECH,B - 04,D-117,,
63,ETS1821/17,TINBITE,DANIEL,MULUGETA,F,BIOTECH,B - 04,D-117,,
64,ETS1836/17,YODAHE,MARKOS,MATHEWOS,F,BIOTECH,B - 04,D-117,,
65,ETS1844/17,YORDANOS,MELESE,LIYHE,F,BIOTECH,B - 04,D-121,,
66,ETS1847/17,SARON,TEWODROS,FRANCO,F,BIOTECH,B - 04,D-121,,
67,ETS0236/17,BEEMNET,MISGANAW,TESFA,F,CHEM E,B - 02,D-419,,
68,ETS0304/17,BEZA,ASRAT,ODODO,F,CHEM E,B - 02,D-419,,
69,ETS0354/17,BLEN,ALEMAYEHU,GETACHEW,F,CHEM E,B - 02,D-420,,
70,ETS0372/17,CHRISTINA,ABRAHAM,DEA,F,CHEM E,B - 02,D-420,,
71,ETS0439/17,DIBORA,ABERA,GEBRE,F,CHEM E,B - 02,D-420,,
72,ETS0458/17,EDEN,MULUGETA,DIRESS,F,CHEM E,B - 02,D-421,,
73,ETS0522/17,ETALEM,ELIAS,BOTOLA,F,CHEM E,B - 02,D-421,,
74,ETS0583/17,FEVEN,KIBUR,MEKONEN,F,CHEM E,B - 02,D-421,,
75,ETS0629/17,GEBRALLUA,YOSEPH,BEGASHAW,F,CHEM E,B - 02,D-421,,
76,ETS0707/17,HASET,KAHSAY,WELDU,F,CHEM E,B - 02,D-422,,
77,ETS0811/17,KALKIDAN,TESFAYE,GEDA,F,CHEM E,B - 02,D-422,,
78,ETS0918/17,LIYA,HAGOS,ASGEDOM,F,CHEM E,B - 02,D-422,,
79,ETS1103/17,NANATI,DEFERE,TOLCHA,F,CHEM E,B - 02,D-422,,
80,ETS1237/17,REDIET,ASHENAFI,KEBEDE,F,CHEM E,B - 02,D-423,,
81,ETS1240/17,REDIET,DUBALE,ABAFOGE,F,CHEM E,B - 02,D-423,,
82,ETS1250/17,RIHANA,SADIQ,MUHAMMED,F,CHEM E,B - 02,D-423,,
83,ETS1324/17,SELWA,DINSEFA,WUJIRA,F,CHEM E,B - 02,D-423,,
84,ETS1333/17,SHALOM,TADESSE,BIRLE,F,CHEM E,B - 02,D-424,,
85,ETS1409/17,THITINA,TSEGAYE,MEKONNEN,F,CHEM E,B - 02,D-424,,
86,ETS1443/17,TSINAT,SHIBESHI,ABEGAZ,F,CHEM E,B - 02,D-424,,
87,ETS1445/17,TSION,MEKONNEN,RUGA,F,CHEM E,B - 02,D-424,,
88,ETS0168/17,AMEN,ZELEALEM,MENGIST,F,CIVIL,B - 04,D-121,,
89,ETS0173/17,AMIRA,YESUF,IBRAHIM,F,CIVIL,B - 04,D-121,,
90,ETS0278/17,BERSABEH,MULUGETA,KASSAHUN,F,CIVIL,B - 04,D-122,,
91,ETS0279/17,BERSABEH,TEFERA,TEKA,F,CIVIL,B - 04,D-122,,
92,ETS0280/17,BERSABEH,WONDMENEH,DESALEGN,F,CIVIL,B - 04,D-122,,
93,ETS0288/17,BETELHEM,WONDMU,HAILE,F,CIVIL,B - 04,D-122,,
94,ETS0443/17,DIBORA,SAMUEL,ENDALEW,F,CIVIL,B - 04,D-123,,
95,ETS0452/17,EBISSE,WORKU,BEKELE,F,CIVIL,B - 04,D-123,,
96,ETS0467/17,EDOM,ZENEBE,AKLILU,F,CIVIL,B - 04,D-123,,
97,ETS0475/17,ELENI,YEMANE,ABREHA,F,CIVIL,B - 04,D-123,,
98,ETS0482/17,ELILTA,HAILEMARIAM,MENGESHA,F,CIVIL,B - 04,D-201,,
99,ETS0640/17,GELILA,SIYUM,BEKELE,F,CIVIL,B - 04,D-201,,
100,ETS0698/17,HANAN,HUSSEN,ABDU,F,CIVIL,B - 04,D-201,,
101,ETS0722/17,HEMEN,AFEWORKI,WELDEGIORGIS,F,CIVIL,B - 04,D-201,,
102,ETS0740/17,HERMELA,ASRAT,GEBREHIWOT,F,CIVIL,B - 04,D-202,,
103,ETS0810/17,KALKIDAN,SAMUEL,MENBERE,F,CIVIL,B - 04,D-202,,
104,ETS0823/17,KENA,TESFAYE,MOSISA,F,CIVIL,B - 04,D-202,,
105,ETS0959/17,MEKDELAWIT,BULO,LEGESSE,F,CIVIL,B - 04,D-202,,
106,ETS0961/17,MEKDELAWIT,YILMA,MEKONEN,F,CIVIL,B - 04,D-203,,
107,ETS0962/17,MEKDES,AYALEW,ABERA,F,CIVIL,B - 04,D-203,,
108,ETS0986/17,MERON,GIRMA,YAMI,F,CIVIL,B - 04,D-203,,
109,ETS0996/17,METI,MAMO,NEGERA,F,CIVIL,B - 04,D-203,,
110,ETS0997/17,METI,MULUNEH,TARESA,F,CIVIL,B - 04,D-204,,
111,ETS1187/17,NAYIFE,GETAHUN,DESTA,F,CIVIL,B - 04,D-204,,
112,ETS1211/17,NUHAMIN,AKALU,GEBREYES,F,CIVIL,B - 04,D-204,,
113,ETS1217/17,NUHAMIN,SAMUEL,GEBREHANA,F,CIVIL,B - 04,D-204,,
114,ETS1269/17,RUTH,DARGE,GEBREAMANUEL,F,CIVIL,B - 04,D-205,,
115,ETS1436/17,TSEGA,SETUGN,BEKELE,F,CIVIL,B - 04,D-205,,
116,ETS1441/17,TSINAT,ABEBE,TEKLU,F,CIVIL,B - 04,D-205,,
117,ETS1700/17,FINOT,HAILU,BIRU,F,CIVIL,B - 04,D-205,,
118,ETS0083/17,ABSALA,MENGSTU,HADUSH,F,ECE,B - 04,D-206,,
119,ETS0112/17,AFOMIYA,HILEMICHAEL,HILEMARIYAM,F,ECE,B - 04,D-206,,
120,ETS0193/17,ARSEMA,ABRHAM,TADELE,F,ECE,B - 04,D-206,,
121,ETS0195/17,ARSEMA,DESALEGN,TIYO,F,ECE,B - 04,D-206,,
122,ETS0207/17,AYETU,LEMMA,TUTTA,F,ECE,B - 04,D-207,,
123,ETS0239/17,BEIMNET,BEREKET,MEDHANE,F,ECE,B - 04,D-207,,
124,ETS0253/17,BEMNET,NIGUSSIE,ABUHAY,F,ECE,B - 04,D-207,,
125,ETS0291/17,BETHEL,SIMON,ABED,F,ECE,B - 04,D-207,,
126,ETS0294/17,BETHELHEM,DAGNE,GIRMA,F,ECE,B - 04,D-208,,
127,ETS0299/17,BETHLEHEM,TADDESSE,GIZAW,F,ECE,B - 04,D-208,,
128,ETS0360/17,BONTU,BEGNA,MAMO,F,ECE,B - 04,D-208,,
129,ETS0402/17,DANAT,ASFAW,TEKA,F,ECE,B - 04,D-208,,
130,ETS0403/17,DANAYIT,DANIEL,BEKELE,F,ECE,B - 04,D-209,,
131,ETS0440/17,DIBORA,DINKESA,DABA,F,ECE,B - 04,D-209,,
132,ETS0447/17,DLET,TEMESGEN,ASGEDOM,F,ECE,B - 04,D-209,,
133,ETS0457/17,EDEN,MEGEGN,MESHA,F,ECE,B - 04,D-209,,
134,ETS0460/17,EDEN,WALLE,MENGST,F,ECE,B - 04,D-210,,
135,ETS0470/17,EKRAM,TEBAREK,ABATE,F,ECE,B - 04,D-210,,
136,ETS0472/17,ELDANA,KASSAHUN,GEBEYEHU,F,ECE,B - 04,D-210,,
137,ETS0474/17,ELENI,MULUNEH,KASSIE,F,ECE,B - 04,D-210,,
138,ETS0500/17,EPHRATA,BELAYNEH,DESSIYE,F,ECE,B - 04,D-211,,
139,ETS0579/17,FENAN,TADESSE,TULU,F,ECE,B - 04,D-211,,
140,ETS0580/17,FENET,SAMUEL,BENTI,F,ECE,B - 04,D-211,,
141,ETS0584/17,FEVEN,SHEWANGIZAW,TEKLE,F,ECE,B - 04,D-211,,
142,ETS0591/17,FIKIRTE,GEREMEWE,BEDADA,F,ECE,B - 04,D-212,,
143,ETS0671/17,HAFSA,UMER,MOHAMMED,F,ECE,B - 04,D-212,,
144,ETS0689/17,HAMZIA,MUSTEFA,NURI,F,ECE,B - 04,D-212,,
145,ETS0700/17,HANAN,MOHAMMED,YASIN,F,ECE,B - 04,D-212,,
146,ETS0703/17,HANNA,ASRAT,TESFA,F,ECE,B - 04,D-213,,
147,ETS0705/17,HANNA,DESALEGN,DEMELASH,F,ECE,B - 04,D-213,,
148,ETS0743/17,HEVA,ABDELLA,MUSEMA,F,ECE,B - 04,D-213,,
149,ETS0803/17,KALEKIDAN,ABEBE,SIMA,F,ECE,B - 04,D-213,,
150,ETS0907/17,LIDIYA,AYALEW,DAGNE,F,ECE,B - 04,D-214,,
151,ETS0923/17,LULA,ABREHAM,SIYUM,F,ECE,B - 04,D-214,,
152,ETS0926/17,LUYA,YOHANNES,SHIMELES,F,ECE,B - 04,D-214,,
153,ETS0929/17,MAHIDER,GIRMAY,GEBRESELASSIE,F,ECE,B - 04,D-214,,
154,ETS0965/17,MEKIDES,ALEMBIRHAN,WELDEGEBRIEL,F,ECE,B - 04,D-215,,
155,ETS0966/17,MEKIDES,BITEWLIGN,ADMASSU,F,ECE,B - 04,D-215,,
156,ETS0967/17,MEKLIT,DEREJE,TEGYEBELU,F,ECE,B - 04,D-215,,
157,ETS0968/17,MEKLIT,GIRMA,YAMI,F,ECE,B - 04,D-215,,
158,ETS0971/17,MEKLIT,YALEW,BEHAILU,F,ECE,B - 04,D-216,,
159,ETS0978/17,MELAT,FIKADU,ADUGNA,F,ECE,B - 04,D-216,,
160,ETS1114/17,NARDOS,KETEMA,HAILU,F,ECE,B - 04,D-216,,
161,ETS1201/17,NETSANET,GERESU,URGESSA,F,ECE,B - 04,D-216,,
162,ETS1218/17,NUHAMIN,WORKU,WORDOFA,F,ECE,B - 04,D-217,,
163,ETS1285/17,SAMRAWIT,SAMUEL,ADUGNA,F,ECE,B - 04,D-217,,
164,ETS1307/17,SARAH,MOKHTAR,ZAID,F,ECE,B - 04,D-217,,
165,ETS1310/17,SARON,AYELE,BEGIDE,F,ECE,B - 04,D-217,,
166,ETS1323/17,SELAMAWIT,MARU,TSEGA,F,ECE,B - 04,D-218,,
167,ETS1325/17,SEMEHAR,KIDANEMARIAM,TEKA,F,ECE,B - 04,D-218,,
168,ETS1368/17,SOSINA,DEJENE,ABEBE,F,ECE,B - 04,D-218,,
169,ETS1434/17,TSEDEY,SHIMELES,ASFAW,F,ECE,B - 04,D-218,,
170,ETS1446/17,TSION,MELESE,KEBEDE,F,ECE,B - 04,D-219,,
171,ETS1489/17,YASMIN,ABDELLA,HUSSIEN,F,ECE,B - 04,D-219,,
172,ETS1513/17,YEABSRA,KEFYALEW,TASSACHEW,F,ECE,B - 04,D-219,,
173,ETS1526/17,YIDIDIYA,ESHETU,BISHAW,F,ECE,B - 04,D-219,,
174,ETS1588/17,YOSABET,BIZUALEW,MEKONNEN,F,ECE,B - 04,D-220,,
175,ETS0283/17,BETELHEM,MEKONNEN,MERSHA,F,EME,B - 04,D-220,,
176,ETS0287/17,BETELHEM,TESFAYE,WORKU,F,EME,B - 04,D-220,,
177,ETS0292/17,BETHEL,SOLOMON,ALEMAYEHU,F,EME,B - 04,D-220,,
178,ETS0293/17,BETHELHEM,ASNAKE,TADESSE,F,EME,B - 04,D-221,,
179,ETS0295/17,BETHELHEM,ERMIAS,MELESE,F,EME,B - 04,D-221,,
180,ETS0370/17,CHRISTIAN,ABEBE,MERSHA,F,EME,B - 04,D-221,,
181,ETS0451/17,EBISE,KENNA,MEKONNEN,F,EME,B - 04,D-221,,
182,ETS0463/17,EDLAWIT,KIFLE,TIRUNEH,F,EME,B - 04,D-222,,
183,ETS0523/17,ETAMIR,MANAYE,MESHESHA,F,EME,B - 04,D-222,,
184,ETS0577/17,FEBEN,SHIFERAW,DEMEKE,F,EME,B - 04,D-222,,
185,ETS0639/17,GELILA,AYALEW,FANTA,F,EME,B - 04,D-223,,
186,ETS0704/17,HANNA,ASSEFA,MENGISTE,F,EME,B - 04,D-223,,
187,ETS0713/17,HAYAT,SEID,ALI,F,EME,B - 04,D-223,,
188,ETS0717/17,HELEN,ADUGNA,DERIBE,F,EME,B - 04,D-223,,
189,ETS0749/17,HILINA,MUSSIE,GIRMAY,F,EME,B - 04,D-224,,
190,ETS0806/17,KALKIDAN,FELEKE,TESFAYE,F,EME,B - 04,D-224,,
191,ETS0807/17,KALKIDAN,GIRMA,LIBEN,F,EME,B - 04,D-224,,
192,ETS0809/17,KALKIDAN,MARKOS,MINA,F,EME,B - 04,D-224,,
193,ETS0882/17,LEMANE,BELETE,FITE,F,EME,B - 04,D-301,,
194,ETS0938/17,MAHLET,TEFERA,AKALU,F,EME,B - 04,D-301,,
195,ETS0941/17,MAHTOT,NIGUS,TADESE,F,EME,B - 04,D-301,,
196,ETS0975/17,MELAT,ABYOT,HUSEN,F,EME,B - 04,D-301,,
197,ETS0988/17,MERON,SISAY,ZEWDIE,F,EME,B - 04,D-302,,
198,ETS0999/17,METI,WELDEMICHAEL,JEBESA,F,EME,B - 04,D-302,,
199,ETS1011/17,MIHRET,ASSEGID,ABATE,F,EME,B - 04,D-302,,
200,ETS1038/17,MIRAF,TIBEBU,SAMUEL,F,EME,B - 04,D-302,,
201,ETS1238/17,REDIET,BELACHEW,TSEGAYE,F,EME,B - 04,D-303,,
202,ETS1241/17,REDIET,FIKADU,TILAYE,F,EME,B - 04,D-303,,
203,ETS1266/17,RUHAMA,FELEKE,BERHANU,F,EME,B - 04,D-303,,
204,ETS1320/17,SELAM,DERIBE,LEMMA,F,EME,B - 04,D-303,,
205,ETS1321/17,SELAM,WOREDE,BIRHANU,F,EME,B - 04,D-304,,
206,ETS1322/17,SELAMAWIT,HAILU,BIRHANU,F,EME,B - 04,D-304,,
207,ETS1463/17,WUDASSIE,GETNET,AKALU,F,EME,B - 04,D-304,,
208,ETS0194/17,ARSEMA,AZENE,DESSIE,F,ENVI. E,B - 04,D-304,,
209,ETS0355/17,BLEN,DENEKE,HUSSEN,F,ENVI. E,B - 04,D-305,,
210,ETS0606/17,FIRMANA,GIDEY,GETAHUN,F,ENVI. E,B - 04,D-305,,
211,ETS0617/17,FIYORI,BIRHANU,TEDLA,F,ENVI. E,B - 04,D-305,,
212,ETS0711/17,HAWI,TESFAYE,CHALA,F,ENVI. E,B - 04,D-305,,
213,ETS0910/17,LIDIYA,SHIMEKIT,MARU,F,ENVI. E,B - 04,D-306,,
214,ETS0920/17,LIYA,TILAHUN,ESKEZIA,F,ENVI. E,B - 04,D-306,,
215,ETS0937/17,MAHLET,SEYFU,ADMASU,F,ENVI. E,B - 04,D-306,,
216,ETS0974/17,MELALA,ESRAEL,ASFAW,F,ENVI. E,B - 04,D-306,,
217,ETS0998/17,METI,TADESSE,KEBEDE,F,ENVI. E,B - 04,D-307,,
218,ETS1213/17,NUHAMIN,BEFEKADU,BEYENE,F,ENVI. E,B - 04,D-307,,
219,ETS1214/17,NUHAMIN,EYOB,MANYAZEWAL,F,ENVI. E,B - 04,D-307,,
220,ETS1311/17,SARON,GULILAT,SHIFERAW,F,ENVI. E,B - 04,D-307,,
221,ETS1417/17,TIHITINA,GETACHEW,WONDIMAGEGN,F,ENVI. E,B - 04,D-308,,
222,ETS1444/17,TSION,ARGAW,MAMO,F,ENVI. E,B - 04,D-308,,
223,ETS1471/17,YABSRA,BRHANU,ZELEKE,F,ENVI. E,B - 04,D-308,,
224,ETS1517/17,YEMARIYAM,AZMERAW,DERESSE,F,ENVI. E,B - 04,D-308,,
225,ETS1582/17,YORDANOS,ABERA,CHAKA,F,ENVI. E,B - 04,D-309,,
226,ETS1607/17,YOSTINA,DEREJE,TEKEBA,F,ENVI. E,B - 04,D-309,,
288,ETS0824/17,KENEAN,PAULOS,ASRAT,F,INDU. CHEM,B - 04,D-309,,
289,ETS0908/17,LIDIYA,BELETE,MASRESHA,F,INDU. CHEM,B - 04,D-309,,
290,ETS1305/17,SARA,LEMI,BALCHA,F,INDU. CHEM,B - 04,D-310,,
291,ETS1657/17,BETELHEM,YISMAW,MEKUANNT,F,INDU. CHEM,B - 04,D-310,,
292,ETS1681/17,EFRATA,WONDWOSEN,MAMUYE,F,INDU. CHEM,B - 04,D-310,,
293,ETS1684/17,ELDANA,ALEMAYEHU,ABEBE,F,INDU. CHEM,B - 04,D-310,,
294,ETS1689/17,EMAN,SHEMSU,ASEFER,F,INDU. CHEM,B - 04,D-311,,
295,ETS1716/17,HANA,AYTENEW,ABAY,F,INDU. CHEM,B - 04,D-311,,
296,ETS1717/17,HANA,YOHANES,ACHAW,F,INDU. CHEM,B - 04,D-311,,
297,ETS1728/17,HINDIA,SHEMSU,SHIFA,F,INDU. CHEM,B - 04,D-311,,
298,ETS1733/17,KALKIDAN,DEREJE,AYELE,F,INDU. CHEM,B - 04,D-312,,
299,ETS1760/17,MEDHANIT,AYALEW,ABEBLE,F,INDU. CHEM,B - 04,D-312,,
300,ETS1824/17,TSION,TESFAYE,TENAYE,F,INDU. CHEM,B - 04,D-312,,
301,ETS0349/17,BITANIA,YARED,BIRHANESELASSIE,F,MECH. E,B - 04,D-312,,
302,ETS0697/17,HANAN,GETAMESAY,TEFERI,F,MECH. E,B - 04,D-313,,
303,ETS0065/17,ABIGIYA,TEGENE,DIRO,F,SWE,B - 04,D-313,,
304,ETS0066/17,ABIGIYA,YONAS,KASSAYE,F,SWE,B - 04,D-313,,
305,ETS0111/17,AFOMIYA,ASCHENAKI,WESSENU,F,SWE,B - 04,D-313,,
306,ETS0121/17,AKSAH,ATLAW,BEKELE,F,SWE,B - 04,D-314,,
307,ETS0196/17,ARSEMA,DESALEGN,YIMAM,F,SWE,B - 04,D-314,,
308,ETS0197/17,ARSEMA,NEGASH,KIDANE,F,SWE,B - 04,D-314,,
309,ETS0199/17,ARSEMA,YESHIDNBER,AREGA,F,SWE,B - 04,D-314,,
310,ETS0284/17,BETELHEM,NURLACHW,GODIE,F,SWE,B - 04,D-315,,
311,ETS0285/17,BETELHEM,SEFIW,MULU,F,SWE,B - 04,D-315,,
312,ETS0286/17,BETELHEM,SOLOMON,MEKONNEN,F,SWE,B - 04,D-315,,
313,ETS0298/17,BETHLEHEM,HAILU,ASMER,F,SWE,B - 04,D-315,,
314,ETS0300/17,BETIBEB,AREGAHEGN,KASSAHUN,F,SWE,B - 04,D-316,,
315,ETS0357/17,BLEN,MEKONNEN,TAFFA,F,SWE,B - 04,D-316,,
316,ETS0361/17,BONTU,BEKELE,SORY,F,SWE,B - 04,D-316,,
317,ETS0400/17,DAGMAWIT,BINIYAM,ABATE,F,SWE,B - 04,D-316,,
318,ETS0434/17,DEBORAH,MESFIN,BANTAYEHU,F,SWE,B - 04,D-317,,
319,ETS0441/17,DIBORA,ENDRIS,BELAY,F,SWE,B - 04,D-317,,
320,ETS0455/17,EDEN,ALEMAYEHU,YILMA,F,SWE,B - 04,D-317,,
321,ETS0461/17,EDEN,WUBSHET,HAILE,F,SWE,B - 04,D-317,,
322,ETS0462/17,EDILAWIT,LEGESSE,TAKELE,F,SWE,B - 04,D-318,,
323,ETS0464/17,EDLAWIT,SAFEWORK,MULUGETA,F,SWE,B - 04,D-318,,
324,ETS0466/17,EDOM,ANTENEH,ALEMU,F,SWE,B - 04,D-318,,
325,ETS0468/17,EFRATA,ASSEFA,ABATE,F,SWE,B - 04,D-318,,
326,ETS0473/17,ELEHAM,HASSEN,SEID,F,SWE,B - 04,D-319,,
327,ETS0483/17,ELISABETH,ALEMNEH,AYANAW,F,SWE,B - 04,D-319,,
328,ETS0485/17,ELROE,MELAKU,NEGASH,F,SWE,B - 04,D-319,,
329,ETS0487/17,ELSABETH,BERHANU,NEMO,F,SWE,B - 04,D-319,,
330,ETS0488/17,ELSHADAY,ALEM,GHEBRETSADIKAN,F,SWE,B - 04,D-320,,
331,ETS0492/17,EMNET,BELACHEW,BOKICHO,F,SWE,B - 04,D-320,,
332,ETS0534/17,EYERUSALEM,HAILU,ABEBE,F,SWE,B - 04,D-320,,
333,ETS0590/17,FIKIRTE,ALEMAYEHU,ACHAMYELEH,F,SWE,B - 04,D-320,,
334,ETS0599/17,FINOT,SOLOMON,HURISA,F,SWE,B - 04,D-321,,
335,ETS0687/17,HAMMERE,SHIMELSE,TESHOME,F,SWE,B - 04,D-321,,
336,ETS0690/17,HANA,BERHE,HAGOS,F,SWE,B - 04,D-321,,
337,ETS0691/17,HANA,DESALEGN,BERTA,F,SWE,B - 04,D-321,,
338,ETS0692/17,HANA,MEKONNEN,GEBREGIORGIS,F,SWE,B - 04,D-322,,
339,ETS0696/17,HANAN,FEDLU,SHERIF,F,SWE,B - 04,D-322,,
340,ETS0719/17,HELEN,MULUGETA,TEKLE,F,SWE,B - 04,D-322,,
341,ETS0720/17,HELEN,TAMENE,WELDEYES,F,SWE,B - 04,D-322,,
342,ETS0721/17,HELEN,TESFAYE,MAMO,F,SWE,B - 04,D-323,,
343,ETS0741/17,HERMELA,TILAHUN,ABEBE,F,SWE,B - 04,D-323,,
344,ETS0742/17,HERMON,ERMIAS,AYALEW,F,SWE,B - 04,D-323,,
345,ETS0748/17,HILINA,MOGES,TADESSE,F,SWE,B - 04,D-323,,
346,ETS0765/17,INEB,HUSSEN,BIZA,F,SWE,B - 04,D-324,,
347,ETS0771/17,IVANA,YARED,AGZACHEW,F,SWE,B - 04,D-324,,
348,ETS0775/17,JIJE,ISRAEL,TESSEMA,F,SWE,B - 04,D-324,,
349,ETS0805/17,KALKIDAN,ASMAMAW,BIZUNEH,F,SWE,B - 04,D-324,,
350,ETS0837/17,KIDEST,TESFAYE,ASSEFA,F,SWE,B - 04,D-401,,
351,ETS0838/17,KIDIST,TILAHUN,SHENKUTE,F,SWE,B - 04,D-401,,
352,ETS0872/17,KOKET,DESALEGN,MULUGETA,F,SWE,B - 04,D-401,,
353,ETS0876/17,LAKIN,AWEL,BUSSER,F,SWE,B - 04,D-401,,
354,ETS0909/17,LIDIYA,GOSSAYE,DEMISSIE,F,SWE,B - 04,D-402,,
355,ETS0925/17,LULIYA,ALEM,KAHSAY,F,SWE,B - 04,D-402,,
356,ETS0928/17,MAHIDER,FELEKE,BITEW,F,SWE,B - 04,D-402,,
357,ETS0930/17,MAHILET,ANDUALEM,BEYENE,F,SWE,B - 04,D-402,,
358,ETS0931/17,MAHLET,ANTENEH,ALAYU,F,SWE,B - 04,D-403,,
359,ETS0944/17,MANNA,DAWIT,KIFLE,F,SWE,B - 04,D-403,,
360,ETS0948/17,MARTA,KEFALE,ALEMU,F,SWE,B - 04,D-403,,
361,ETS0963/17,MEKDES,TESFAYE,YOHANNES,F,SWE,B - 04,D-403,,
362,ETS0977/17,MELAT,ENDALAMAW,TADESSE,F,SWE,B - 04,D-404,,
363,ETS0982/17,MERON,AJIRIE,BISEMA,F,SWE,B - 04,D-404,,
364,ETS0991/17,MESERET,TEKLE,HABTE,F,SWE,B - 04,D-404,,
365,ETS1009/17,MIHERET,TEFERA,ABERA,F,SWE,B - 04,D-404,,
366,ETS1028/17,MILKA,YITBARECK,TIGABU,F,SWE,B - 04,D-405,,
367,ETS1056/17,MOYBON,MELAKU,GEMECHU,F,SWE,B - 04,D-405,,
368,ETS1116/17,NARDOS,TEKALIGN,TEKLE,F,SWE,B - 04,D-405,,
369,ETS1119/17,NARDOS,YOSEF,TESHOME,F,SWE,B - 04,D-405,,
370,ETS1202/17,NETSANET,MULUGETA,ENEYEW,F,SWE,B - 04,D-406,,
371,ETS1205/17,NIGIST,MIHRET,TIBEBE,F,SWE,B - 04,D-406,,
372,ETS1215/17,NUHAMIN,FELEKE,BEKELE,F,SWE,B - 04,D-406,,
373,ETS1227/17,QABSO,KIFLE,ADULA,F,SWE,B - 04,D-406,,
374,ETS1231/17,RAKEB,MESFIN,SHIFERAW,F,SWE,B - 04,D-407,,
375,ETS1232/17,RAMA,FIKRE,WELDEHAWARIAT,F,SWE,B - 04,D-407,,
376,ETS1243/17,REDIET,TESFAYE,FETENU,F,SWE,B - 04,D-407,,
377,ETS1244/17,REDIET,WORKU,AYALSEW,F,SWE,B - 04,D-407,,
378,ETS1246/17,REKIK,KETEMA,HAILU,F,SWE,B - 04,D-408,,
379,ETS1252/17,RIM,ABULMAHASIN,JEMAL,F,SWE,B - 04,D-408,,
380,ETS1267/17,RUHAMA,HAILU,BALCHA,F,SWE,B - 04,D-408,,
381,ETS1268/17,RUTH,AYNADIS,GASHAW,F,SWE,B - 04,D-408,,
382,ETS1270/17,RUTH,EPHREM,BAHIRU,F,SWE,B - 04,D-409,,D-413
383,ETS1271/17,RUTH,TESFAZGI,MULUGETA,F,SWE,B - 04,D-409,,D-414
384,ETS1273/17,RUTH,ZERIHUN,NEGASH,F,SWE,B - 04,D-409,,D-414
385,ETS1309/17,SARON,ANBESAW,MENGISTIE,F,SWE,B - 04,D-409,,D-414
386,ETS1314/17,SEBLE,SISAY,MULUALEM,F,SWE,B - 04,D-410,,D-414
387,ETS1332/17,SENET,ANBESAW,TEKLEWOLD,F,SWE,B - 04,D-410,,D-415
388,ETS1356/17,SOLEYANA,ABERA,DERARA,F,SWE,B - 04,D-410,,D-415
389,ETS1358/17,SOLIYANA,SHEWALANTE,MENGESHA,F,SWE,B - 04,D-410,,D-415
390,ETS1396/17,TENSAYE,DANIEL,MAMO,F,SWE,B - 04,D-411,,D-415
391,ETS1404/17,TESNIM,ABDI,YUSUF,F,SWE,B - 04,D-411,,D-416
392,ETS1424/17,TIRSIT,BIZUALEM,DEMISSE,F,SWE,B - 04,D-411,,D-416
393,ETS1430/17,TRUFAT,ADMASU,ABISO,F,SWE,B - 04,D-411,,D-416
394,ETS1435/17,TSEGA,NEKIR,SHEWAGA,F,SWE,B - 04,D-412,,D-417
395,ETS1455/17,WINTANA,TIGISTU,WOLDE,F,SWE,B - 04,D-412,,D-417
396,ETS1460/17,WUBET,TAMRAT,ADMASSU,F,SWE,B - 04,D-412,,D-417
397,ETS1492/17,YASMIN,MUSTEFA,HASSEN,F,SWE,B - 04,D-412,,D-417
398,ETS1540/17,YOHANNA,ZENEBE,TADESSE,F,SWE,B - 04,D-413,,D-418
399,ETS1621/17,ZEWDUA,KIDANU,GEBRE,F,SWE,B - 04,D-413,,D-418
400,ETS1853/17,YAYNEABEBA,EMSHAW,KEMAW,F,SWE,B - 04,D-413,,D-418
,,,,,,,,,,D-418
,,,,,,,,,,D-419
,,,,,,,,,,D-419
,,,,,,,,,,D-419
,,,,,,,,,,D-420
,,,,,,,,,,D-420
,,,,,,,,,,D-420
,,,,,,,,,,D-420
,,,,,,,,,,D-421
,,,,,,,,,,D-421
,,,,,,,,,,D-421
,,,,,,,,,,D-421
,,,,,,,,,,D-422
,,,,,,,,,,D-422
,,,,,,,,,,D-422
,,,,,,,,,,D-422
,,,,,,,,,,D-423
,,,,,,,,,,D-423
,,,,,,,,,,D-423
,,,,,,,,,,D-423
,,,,,,,,,,D-424
,,,,,,,,,,D-424