No.,Student ID,First Name,Father Name,GFather Name,Sex,Department,Block,Dorm
1,ETS0112/16,AFOMIYA,TAYE,SISAY,F,ARCH,B - 02,D-002
2,ETS0289/16,BEZAWIT,BIHONEGN,ARAGAW,F,ARCH,B - 02,D-002
3,ETS0434/16,EDEN,AMBELU,TADESSE,F,ARCH,B - 02,D-002
4,ETS0447/16,EKRAM,ABDURAHMAN,MOHAMMED,F,ARCH,B - 02,D-002
5,ETS0474/16,ENAYA,ABDO,MOHAMMED,F,ARCH,B - 02,D-003
6,ETS0621/16,GELILA,ZEWDU,AYELE,F,ARCH,B - 02,D-003
7,ETS0660/16,HANNA,ANGAWE,BEYADGELGNE,F,ARCH,B - 02,D-003
8,ETS0673/16,HAYAT,AHMED,HUSSEIN,F,ARCH,B - 02,D-003
9,ETS0682/16,HELEN,ABITI,SHIMELIS,F,ARCH,B - 02,D-004
10,ETS0702/16,HERMELA,BEREKET,MELKAMU,F,ARCH,B - 02,D-004
11,ETS0713/16,HILINA,ALEMAYEHU,MAKURIA,F,ARCH,B - 02,D-004
12,ETS0773/16,KALKIDAN,ABEBE,ALEMU,F,ARCH,B - 02,D-004
13,ETS0851/16,LENSE,WAKGARI,GURMESSA,F,ARCH,B - 02,D-005
14,ETS0874/16,LOTTY,ROBE,TURE,F,ARCH,B - 02,D-005
15,ETS0898/16,MARIAMAWIT,AMARE,ENGIDA,F,ARCH,B - 02,D-005
16,ETS0949/16,MERON,GUANGUL,BEKELE,F,ARCH,B - 02,D-005
17,ETS1067/16,NANATI,TESHOME,YILMA,F,ARCH,B - 02,D-006
18,ETS1124/16,NEKHLA,NURHUSSEN,KERI,F,ARCH,B - 02,D-006
19,ETS1160/16,RAHMA,OUMER,TESFAYE,F,ARCH,B - 02,D-006
20,ETS1170/16,REDIAT,MESKELE,AYELE,F,ARCH,B - 02,D-006
21,ETS1250/16,SEADA,HUSSEIN,YEBERE,F,ARCH,B - 02,D-007
22,ETS1278/16,SHEMSIYA,MOHAMMED,SIRAJ,F,ARCH,B - 02,D-007
23,ETS1280/16,SIFAN,WASIHUN,BELAYNEH,F,ARCH,B - 02,D-007
24,ETS1332/15,TSION,TARIKU,DEGEFA,F,ARCH,B - 02,D-007
25,ETS1353/16,TIGIST,ABEBE,DRES,F,ARCH,B - 02,D-011
26,ETS1441/16,YEABSRA,FITSUM,GEBRETSADKAN,F,ARCH,B - 02,D-011
27,ETS0074/16,ABIGAIL,YONAS,TADELE,F,BIOTECH,B - 02,D-011
28,ETS0228/16,BEAMLAK,ALEMAYEHU,HAILU,F,BIOTECH,B - 02,D-011
29,ETS0331/16,BITANYIA,GETACHEW,BEYENE,F,BIOTECH,B - 02,D-012
30,ETS0451/16,ELENI,SIMEWORK,MULUGETA,F,BIOTECH,B - 02,D-012
31,ETS0509/16,EYERUSALEM,ASRAT,BEKELE,F,BIOTECH,B - 02,D-012
32,ETS0705/16,HERMELA,SINKU,TEKLAY,F,BIOTECH,B - 02,D-012
33,ETS0711/16,HIKMA,ABDELA,ARHIBU,F,BIOTECH,B - 02,D-013
34,ETS0714/16,HILINA,YOHANNES,GETACHEW,F,BIOTECH,B - 02,D-013
35,ETS0754/16,JERUSALEM,ANGESOM,ARAYA,F,BIOTECH,B - 02,D-013
36,ETS0779/16,KALKIDAN,GETACHEW,WOLDE,F,BIOTECH,B - 02,D-013
37,ETS0781/16,KALKIDAN,MANDEFRO,GORFE,F,BIOTECH,B - 02,D-014
38,ETS0783/16,KALKIDAN,WONDMGEZAHU,WOLDEYES,F,BIOTECH,B - 02,D-014
39,ETS0795/16,KENEAN,ALEMAYEHU,BEDADA,F,BIOTECH,B - 02,D-014
40,ETS0883/16,MAHDER,MULUGETA,WALLE,F,BIOTECH,B - 02,D-014
41,ETS0889/16,MAHLET,DEMESSIE,GURMU,F,BIOTECH,B - 02,D-015
42,ETS0901/16,MARIZA,TSEGAY,TETEMKE,F,BIOTECH,B - 02,D-015
43,ETS0981/16,MIHRET,FISEHA,TADESSE,F,BIOTECH,B - 02,D-015
44,ETS1133/16,NOHAMIN,SOLOMON,GEBRETSADIK,F,BIOTECH,B - 02,D-015
45,ETS1146/16,ORIT,GIRMAY,HAILEMARIYAM,F,BIOTECH,B - 02,D-016
46,ETS1159/16,RAHEL,LISANEWORK,GIRMAY,F,BIOTECH,B - 02,D-016
47,ETS1180/16,REKIK,YOHANNES,AFEWORK,F,BIOTECH,B - 02,D-016
48,ETS1195/15,SAMRAWIT,GEBRETSADIK,GIDAY,F,BIOTECH,B - 02,D-016
49,ETS1392/16,WUBALEM,TESFAYE,KEBEDE,F,BIOTECH,B - 02,D-017
50,ETS1469/16,YODIT,KEBEDE,BADE,F,BIOTECH,B - 02,D-017
51,ETS1470/16,YOHANA,WONDIMU,ABATE,F,BIOTECH,B - 02,D-017
52,ETS0077/16,ABIGIYA,GETAHUN,FEYISSA,F,CHEM E,B - 02,D-017
53,ETS0262/16,BESRA,MOHAMMED,FARAH,F,CHEM E,B - 02,D-018
54,ETS0267/16,BETELHEM,MEKONNEN,ALEMU,F,CHEM E,B - 02,D-018
55,ETS0301/16,BILISUMMA,KEFENA,EFFA,F,CHEM E,B - 02,D-018
56,ETS0417/16,DIBORA,DANIEL,FURGASA,F,CHEM E,B - 02,D-018
57,ETS0437/16,EDEN,TADELE,ZINAYE,F,CHEM E,B - 02,D-019
58,ETS0445/16,EGZIHAREYA,NUGUSE,TELILA,F,CHEM E,B - 02,D-019
59,ETS0470/16,EMNET,TILAHUN,KAHSAYE,F,CHEM E,B - 02,D-019
60,ETS0569/16,FIKIR,ERMIAS,AYALEW,F,CHEM E,B - 02,D-019
61,ETS0585/16,FINOT,ALEMAYEHU,ABEBE,F,CHEM E,B - 02,D-020
62,ETS0709/16,HEWAN,TADESSE,GIRMA,F,CHEM E,B - 02,D-020
63,ETS0778/16,KALKIDAN,FEKADU,JEMAL,F,CHEM E,B - 02,D-020
64,ETS0803/16,KEWSER,GEBEYEHU,GETA,F,CHEM E,B - 02,D-020
65,ETS0867/16,LIDIYA,TEWELDE,GEBREMEDHIN,F,CHEM E,B - 02,D-101
66,ETS0887/16,MAHLET,ALEMAYEHU,BEYERA,F,CHEM E,B - 02,D-101
67,ETS0933/16,MELAT,GEZAHEGN,DESTA,F,CHEM E,B - 02,D-101
68,ETS0934/16,MELAT,HABTAMU,MEKASHA,F,CHEM E,B - 02,D-101
69,ETS0935/16,MELAT,NEGASH,MEKONNEN,F,CHEM E,B - 02,D-102
70,ETS0938/16,MELIKA,WORKENEH,TAKELE,F,CHEM E,B - 02,D-102
71,ETS0940/16,MENAL,MUHIDEN,NURU,F,CHEM E,B - 02,D-102
72,ETS0948/16,MERON,FELEKE,SAHILU,F,CHEM E,B - 02,D-102
73,ETS0950/16,MERON,HABTAMU,MULUGETA,F,CHEM E,B - 02,D-103
74,ETS1215/16,SAMRAWIT,DEREJE,TOLOSSA,F,CHEM E,B - 02,D-103
75,ETS1245/16,SARON,ALEMSEGED,TOLESSA,F,CHEM E,B - 02,D-103
76,ETS1283/16,SIHAM,ABDULFETAH,NEGASH,F,CHEM E,B - 02,D-103
77,ETS1310/16,SOLYANA,WALELIGN,ADMASU,F,CHEM E,B - 02,D-104
78,ETS1312/16,SOSINA,KIFLE,YESHITILA,F,CHEM E,B - 02,D-104
79,ETS1373/16,TSEGE,TESFAYE,GETANEH,F,CHEM E,B - 02,D-104
80,ETS1388/16,WENGELAWIT,SOLOMON,HAILU,F,CHEM E,B - 02,D-104
81,ETS1427/16,YEABSIRA,BEHAILU,GEBREMEDIHIN,F,CHEM E,B - 02,D-105
82,ETS1522/16,YORDANOS,FANTAHUN,TESFAYE,F,CHEM E,B - 02,D-105
83,ETS1523/16,YORDANOS,KASSAHUN,MULAT,F,CHEM E,B - 02,D-105
84,ETS0189/16,ARSEMA,MELAKU,BETREMARIAM,F,CIVIL E,B - 02,D-105
85,ETS0246/16,BEMNET,ASSEBE,MURGA,F,CIVIL E,B - 02,D-106
86,ETS0270/16,BETELHEM,YIZENGAW,KASSAHUN,F,CIVIL E,B - 02,D-106
87,ETS0275/16,BETHELHEM,AREGA,MEKONNEN,F,CIVIL E,B - 02,D-106
88,ETS0279/16,BETHLEHEM,ASMAMAW,BIRHANU,F,CIVIL E,B - 02,D-106
89,ETS0281/16,BETHLEHEM,TESFAHUN,MITKU,F,CIVIL E,B - 02,D-107
90,ETS0290/16,BEZAWIT,CHANIE,FIKIR,F,CIVIL E,B - 02,D-107
91,ETS0298/16,BILEN,NEGESTAT,KONE,F,CIVIL E,B - 02,D-107
92,ETS0333/16,BLEN,GETACHEW,MANDEFRO,F,CIVIL E,B - 02,D-107
93,ETS0420/16,DIBORA,MELKA,SHUMI,F,CIVIL E,B - 02,D-108
94,ETS0431/16,EDELAWIT,MEHARI,SIRAJ,F,CIVIL E,B - 02,D-108
95,ETS0441/16,EDNA,WORKNEH,GUDAY,F,CIVIL E,B - 02,D-108
96,ETS0444/16,EFRATA,TAYE,GIRMA,F,CIVIL E,B - 02,D-108
97,ETS0504/16,ETSIBT,ALEMAYEHU,GETACHEW,F,CIVIL E,B - 02,D-109
98,ETS0510/16,EYERUSALEM,DEREJE,HAILU,F,CIVIL E,B - 02,D-109
99,ETS0664/16,HASSET,ABRAHAM,DEBESSAI,F,CIVIL E,B - 02,D-109
100,ETS0671/16,HAWI,WOYECHA,BEJIGA,F,CIVIL E,B - 02,D-109
101,ETS0680/16,HELDANA,AYALEW,AMANU,F,CIVIL E,B - 02,D-110
102,ETS0687/16,HELINA,GIRMA,WORKU,F,CIVIL E,B - 02,D-110
103,ETS0774/16,KALKIDAN,ALEMAYEHU,GEMECHU,F,CIVIL E,B - 02,D-110
104,ETS0776/16,KALKIDAN,ERISTU,DARI,F,CIVIL E,B - 02,D-110
105,ETS0810/16,KIDEST,ATNATEWOS,ESHETE,F,CIVIL E,B - 02,D-111
106,ETS0869/16,LIDYA,TESFAHUNEGN,GEBREMICHAEL,F,CIVIL E,B - 02,D-111
107,ETS0890/16,MAHLET,MASERESHA,YALEW,F,CIVIL E,B - 02,D-111
108,ETS0913/16,MEHRET,BERHANU,TEKLEMARIAM,F,CIVIL E,B - 02,D-111
109,ETS0941/16,MENATA,TESFAYE,ANTWAN,F,CIVIL E,B - 02,D-112
110,ETS0947/16,MERON,DEBEBE,CHALEW,F,CIVIL E,B - 02,D-112
111,ETS0957/16,MESERET,FEKEDE,MOLA,F,CIVIL E,B - 02,D-112
112,ETS0958/16,MESERET,KASSYE,GEDEFAW,F,CIVIL E,B - 02,D-112
113,ETS1001/16,MISIRO,TADESSE,TULU,F,CIVIL E,B - 02,D-113
114,ETS1135/16,NUHAMIN,DESSALEGN,EJIGU,F,CIVIL E,B - 02,D-113
115,ETS1171/16,REDIET,ADANE,BELIHUN,F,CIVIL E,B - 02,D-113
116,ETS1205/16,RUTH,TESFAYE,SEBOKA,F,CIVIL E,B - 02,D-113
117,ETS1259/16,SELAMAWIT,LEYIKUN,FETAHI,F,CIVIL E,B - 02,D-114
118,ETS1302/16,SOLIYANA,GETACHEW,AKLOG,F,CIVIL E,B - 02,D-114
119,ETS1343/16,TESNIM,DINSEFA,WUJIRA,F,CIVIL E,B - 02,D-114
120,ETS1367/16,TSEDENYA,FIKRU,TAFESSE,F,CIVIL E,B - 02,D-114
121,ETS1379/16,TSION,MOSHE,WELEDEHANA,F,CIVIL E,B - 02,D-115
122,ETS1424/16,YEABSERA,BOGALE,GEBREMEDHEN,F,CIVIL E,B - 02,D-115
123,ETS1430/16,YEABSIRA,GENENE,WOLDEAMANUEL,F,CIVIL E,B - 02,D-115
124,ETS1436/16,YEABSIRA,SOLOMON,YESHIWAS,F,CIVIL E,B - 02,D-115
125,ETS1473/16,YOHANNA,DANIEL,EJIGU,F,CIVIL E,B - 02,D-116
126,ETS1530/16,YOSABETH,KIDANEMARIAM,ABADI,F,CIVIL E,B - 02,D-116
127,ETS1578/16,KIDIST,YOHANNES,TURE,F,CIVIL E,B - 02,D-116
128,ETS0078/16,ABIGIYA,TESEMA,LEGESE,F,ECE,B - 02,D-116
129,ETS0079/16,ABIGIYA,TIBEBU,MEKONNEN,F,ECE,B - 02,D-117
130,ETS0095/16,ABSALAT,GIRUM,BOGALE,F,ECE,B - 02,D-117
131,ETS0244/16,BEMNET,ABATE,JIJO,F,ECE,B - 02,D-117
132,ETS0266/16,BETELHEM,LEGESSE,HAILU,F,ECE,B - 02,D-117
133,ETS0273/16,BETHELHEM,ABERA,TAMRAT,F,ECE,B - 02,D-118
134,ETS0276/16,BETHELHEM,DANIEL,BERHANU,F,ECE,B - 02,D-118
135,ETS0278/16,BETHELHEM,MNASIE,BEKELE,F,ECE,B - 02,D-118
136,ETS0280/16,BETHLEHEM,TEGEGN,LIGABA,F,ECE,B - 02,D-118
137,ETS0282/16,BETIGIST,YILKAL,MINUYELET,F,ECE,B - 02,D-119
138,ETS0294/16,BEZAWIT,GIRMA,WOLDESENBET,F,ECE,B - 02,D-119
139,ETS0297/16,BEZAWIT,YOHANNES,ASSEFA,F,ECE,B - 02,D-119
140,ETS0325/16,BIRUKTAWIT,ATSBHA,GEBRE,F,ECE,B - 02,D-119
141,ETS0381/16,DANAWIT,MESFIN,GASHAW,F,ECE,B - 02,D-120
142,ETS0414/16,DIANA,ASSEFA,AYALEW,F,ECE,B - 02,D-120
143,ETS0438/16,EDEN,TEKALIGN,ASFAW,F,ECE,B - 02,D-120
144,ETS0446/16,EGZIHAREYA,SOLOMON,ALENE,F,ECE,B - 02,D-120
145,ETS0512/16,EYERUSALEM,MEZEMIR,ADDISU,F,ECE,B - 02,D-121
146,ETS0513/16,EYERUSALEM,TEKLEMARKOS,ABEBE,F,ECE,B - 02,D-121
147,ETS0554/16,FERUZA,AHMED,ADEM,F,ECE,B - 02,D-121
148,ETS0599/16,FITSUM,BADEG,ASSEFA,F,ECE,B - 02,D-121
149,ETS0616/16,GELILA,GETYE,ZENA,F,ECE,B - 02,D-122
150,ETS0619/16,GELILA,MILLION,BEGASHAW,F,ECE,B - 02,D-122
151,ETS0620/16,GELILA,TESFAYE,HAILU,F,ECE,B - 02,D-122
152,ETS0644/16,HAIMANOT,MEKONEN,TEKLU,F,ECE,B - 02,D-122
153,ETS0703/16,HERMELA,GENENE,TADESSE,F,ECE,B - 02,D-123
154,ETS0706/16,HERMELA,TADESSE,GIYON,F,ECE,B - 02,D-123
155,ETS0723/16,HIWOT,FETENE,KEFALE,F,ECE,B - 02,D-123
156,ETS0725/16,HIWOT,WESENSEGED,YIZENGAW,F,ECE,B - 02,D-123
157,ETS0736/16,IKHLAS,JEMAL,TEMAM,F,ECE,B - 02,D-124
158,ETS0737/16,ILHAM,ABDELLA,SHIFA,F,ECE,B - 02,D-124
159,ETS0738/16,IMAN,ANWAR,MECHA,F,ECE,B - 02,D-124
160,ETS0811/16,KIDIST,BOGALE,AREGA,F,ECE,B - 02,D-124
161,ETS0812/16,KIDIST,KEFEYALW,SHIFRAW,F,ECE,B - 02,D-201
162,ETS0845/16,KOKET,GIRMA,TOLLA,F,ECE,B - 02,D-201
163,ETS0850/16,LELISE,ARARSA,NEGESO,F,ECE,B - 02,D-201
164,ETS0868/16,LIDYA,MULUGETA,MEWA,F,ECE,B - 02,D-201
165,ETS0878/16,LYDIA,HENOK,TADESSE,F,ECE,B - 02,D-202
166,ETS0886/16,MAHLET,ADANE,ASHAGRIE,F,ECE,B - 02,D-202
167,ETS0915/16,MEKDELAWIT,ABEBE,MEKONNEN,F,ECE,B - 02,D-202
168,ETS0916/16,MEKDELAWIT,SHIMELES,DEMSSE,F,ECE,B - 02,D-202
169,ETS0920/16,MEKIYA,SEMU,ASMIR,F,ECE,B - 02,D-203
170,ETS0922/16,MEKLIT,DEBOCH,KASSAHUN,F,ECE,B - 02,D-203
171,ETS0923/16,MEKLIT,GETACHEW,BELAY,F,ECE,B - 02,D-203
172,ETS0953/16,MERON,WALELIGN,ALEM,F,ECE,B - 02,D-203
173,ETS0975/16,MIERAF,ANDEBET,KASSIE,F,ECE,B - 02,D-204
174,ETS1020/16,MSGANA,HABTAMU,SENDEK,F,ECE,B - 02,D-204
175,ETS1043/16,NAGAD,AHMED,DARAR,F,ECE,B - 02,D-204
176,ETS1068/16,NANNA,TEGEGNE,NIGAT,F,ECE,B - 02,D-204
177,ETS1080/16,NARDOS,WORKNEH,BISIL,F,ECE,B - 02,D-205
178,ETS1157/16,RAHEL,EWNETU,SETEGN,F,ECE,B - 02,D-205
179,ETS1174/16,REDIET,BAMLAKU,DAGNE,F,ECE,B - 02,D-205
180,ETS1188/16,ROBENUF,ALEMU,SUPA,F,ECE,B - 02,D-205
181,ETS1193/16,RUHAMA,ABRHAM,AYALEW,F,ECE,B - 02,D-206
182,ETS1209/16,SABRIN,IBRAHIM,ABDELGADIR,F,ECE,B - 02,D-206
183,ETS1240/16,SARA,ABDISA,GENETI,F,ECE,B - 02,D-206
184,ETS1244/16,SARON,ABAYNEH,YILMA,F,ECE,B - 02,D-206
185,ETS1294/16,SITINA,KASSAHUN,TEGEGNE,F,ECE,B - 02,D-207
186,ETS1301/16,SOLIANA,YOHANNES,YESHAW,F,ECE,B - 02,D-207
187,ETS1328/16,SUZAN,BINIYAM,GETACHEW,F,ECE,B - 02,D-207
188,ETS1361/16,TIZITA,DEMELASH,FIKADU,F,ECE,B - 02,D-207
189,ETS1368/16,TSEDENYA,GEBREJEWERGS,TADESE,F,ECE,B - 02,D-208
190,ETS1524/16,YORDANOS,MULUGETA,MAMO,F,ECE,B - 02,D-208
191,ETS1546/16,YOSTINA,TEGARED,BITEW,F,ECE,B - 02,D-208
192,ETS0105/16,ADONAYT,ADDISU,DAGNE,F,EME,B - 02,D-208
193,ETS0379/16,DAGMAWIT,HINTSA,MEZGEBE,F,EME,B - 02,D-209
194,ETS0556/16,FEVEN,KASSAHUN,SYUM,F,EME,B - 02,D-209
195,ETS0629/16,GIFTI,TESFAYE,MOSISA,F,EME,B - 02,D-209
196,ETS0780/16,KALKIDAN,GETAHUN,ZELEKE,F,EME,B - 02,D-209
197,ETS0784/16,KALKIDAN,WONDWOSSEN,NEGUSSIE,F,EME,B - 02,D-210
198,ETS0872/16,LIYA,ASRAT,BIRATU,F,EME,B - 02,D-210
199,ETS1042/16,NADIA,NASSER,AHMED,F,EME,B - 02,D-210
200,ETS1360/16,TIRUABEBA,ZEMENAY,EMRA,F,EME,B - 02,D-210
201,ETS1369/16,TSEDENYA,SIRAK,WENDEMNEH,F,EME,B - 02,D-211
202,ETS1407/16,YALEMWORK,YIRGA,DESSIE,F,EME,B - 02,D-211
203,ETS1529/16,YORDANOS,ZERIHUN,GEBREMICHAEL,F,EME,B - 02,D-211
204,ETS0254/15,BETEAL,NEGA,YOHANNES,F,ENVI. E,B - 02,D-211
205,ETS0263/15,BETELHEM,TEWODROS,YILMA,F,ENVI. E,B - 02,D-212
206,ETS0288/16,BEZAWIT,BERHANU,SAHLE,F,ENVI. E,B - 02,D-212
207,ETS0338/16,BOHARE,SOLOMON,ADANE,F,ENVI. E,B - 02,D-212
208,ETS0339/16,BONNIE,TEBKEW,DAMTE,F,ENVI. E,B - 02,D-212
209,ETS0341/16,BONTU,BERHANU,HIRPHA,F,ENVI. E,B - 02,D-213
210,ETS0377/16,DAGMAWIT,ABEBE,ENDRIS,F,ENVI. E,B - 02,D-213
211,ETS0425/15,ELBETHEL,AWRARIS,YEMRU,F,ENVI. E,B - 02,D-213
212,ETS0465/16,EMAN,ELIAS,HASEN,F,ENVI. E,B - 02,D-213
213,ETS0550/16,FENET,MELAKU,TAFESE,F,ENVI. E,B - 02,D-214
214,ETS0553/16,FERHANA,MUHIDIN,NURU,F,ENVI. E,B - 02,D-214
215,ETS0555/16,FEVEN,GIRMA,TOLOSA,F,ENVI. E,B - 02,D-214
216,ETS0560/16,FIKAT,ALEMU,KELKAY,F,ENVI. E,B - 02,D-214
217,ETS0570/16,FIKIR,FANTAYE,GEBREYES,F,ENVI. E,B - 02,D-215
218,ETS0574/16,FIKIRTE,FISSEHA,BELACHEW,F,ENVI. E,B - 02,D-215
219,ETS0684/16,HELEN,ERKO,GUTEMA,F,ENVI. E,B - 02,D-215
220,ETS0715/16,HINDEKIE,KITAW,NEGUSSIE,F,ENVI. E,B - 02,D-215
221,ETS0724/16,HIWOT,SOLOMON,LULE,F,ENVI. E,B - 02,D-216
222,ETS0775/16,KALKIDAN,ERGATAW,BEZE,F,ENVI. E,B - 02,D-216
223,ETS0782/16,KALKIDAN,MOGES,SIYUM,F,ENVI. E,B - 02,D-216
224,ETS0897/16,MARGES,MEKONEN,FSEHA,F,ENVI. E,B - 02,D-216
225,ETS0914/16,MEHRET,TALE,BOGALE,F,ENVI. E,B - 02,D-217
226,ETS0972/16,MICHAL,TIUMEZGI,BERHE,F,ENVI. E,B - 02,D-217
227,ETS1137/16,NUHAMIN,WENDWOSSEN,ALEMU,F,ENVI. E,B - 02,D-217
228,ETS1175/16,REDIET,BIRHANU,TABOR,F,ENVI. E,B - 02,D-217
229,ETS1256/16,SELAM,EMESHAW,TESHOME,F,ENVI. E,B - 02,D-218
230,ETS1305/16,SOLIYANA,YOHANNES,AYALEW,F,ENVI. E,B - 02,D-218
231,ETS1381/16,TSION,YIGZAW,ZELALEM,F,ENVI. E,B - 02,D-218
232,ETS1390/16,WONGEL,BEWOTA,HIRUY,F,ENVI. E,B - 02,D-218
233,ETS1452/16,YETNAYET,TESFAYE,ALTAYE,F,ENVI. E,B - 02,D-219
234,ETS0233/16,BEBAF,NETSANET,SHAMBEL,F,FSN,B - 02,D-219
235,ETS0253/16,BEREKET,GEREMEW,OBSE,F,FSN,B - 02,D-219
236,ETS0264/16,BETELHEM,ABEBE,KORME,F,FSN,B - 02,D-219
237,ETS0312/16,BIRTUKAN,SIMACHEW,WENDIMNEH,F,FSN,B - 02,D-220
238,ETS0336/16,BLEN,TESHOME,GEBREMICHAEL,F,FSN,B - 02,D-220
239,ETS0448/16,ELDANA,TSEGAYE,BEDO,F,FSN,B - 02,D-220
240,ETS0450/16,ELENI,MELAKU,GETAHUN,F,FSN,B - 02,D-220
241,ETS0452/16,ELHAM,ALI,YUSUF,F,FSN,B - 02,D-221
242,ETS0606/16,FREWOYNI,ELIAS,KINDE,F,FSN,B - 02,D-221
243,ETS0712/16,HIKMAT,YEWENDEWESON,YASIN,F,FSN,B - 02,D-221
244,ETS0790/16,KELIFET,NURAHMED,YASIN,F,FSN,B - 02,D-221
245,ETS0814/16,KIDST,ENGDAWORK,TADESE,F,FSN,B - 02,D-222
246,ETS0865/16,LIDIYA,MOGES,DESTA,F,FSN,B - 02,D-222
247,ETS0891/16,MAHLET,MULUGETA,TESFAYE,F,FSN,B - 02,D-222
248,ETS0899/16,MARIAMAWIT,GETENET,LEGESSE,F,FSN,B - 02,D-222
249,ETS0961/16,METI,LELISA,MEGERSA,F,FSN,B - 02,D-223
250,ETS1044/16,NAHILA,JELAN,HUSSEN,F,FSN,B - 02,D-223
251,ETS1121/16,NEJAT,ALAWIS,AHMED,F,FSN,B - 02,D-223
252,ETS1178/16,REDIET,TEWELDE,HABTEMARIAM,F,FSN,B - 02,D-223
253,ETS1192/16,ROZA,ADEN,TAKLE,F,FSN,B - 02,D-224
254,ETS1199/16,RUTH,DANIEL,HABTE,F,FSN,B - 02,D-224
255,ETS1258/16,SELAMAWIT,AMSALU,FELEKE,F,FSN,B - 02,D-224
256,ETS1374/16,TSEHAY,BEREKET,GEBREMICHAEL,F,FSN,B - 02,D-224
257,ETS1562/16,ZEMZEM,NEJIB,MOHAMMED,F,FSN,B - 02,D-301
258,ETS1670/16,BITANYA,GETACHEW,AKLOG,F,FSN,B - 02,D-301
259,ETS0443/16,EFRATA,AMANUEL,GEBRETINSAE,F,GEOLOGY,B - 02,D-301
260,ETS1674/16,FIRDOS,ZEYDU,ABEGAZ,F,GEOLOGY,B - 02,D-301
261,ETS0191/16,ARSEMA,MILLION,FIKRE,F,INDU. CHEM,B - 02,D-302
262,ETS0271/16,BETELIHEM,GEBREJEWERGS,HAGOS,F,INDU. CHEM,B - 02,D-302
263,ETS0330/16,BITANYA,GEREMEW,ZELEKE,F,INDU. CHEM,B - 02,D-302
264,ETS0678/16,HAYMANOT,KASSAHUN,AGEGNEW,F,INDU. CHEM,B - 02,D-302
265,ETS0813/16,KIDIST,WOLELAW,TADELE,F,INDU. CHEM,B - 02,D-303
266,ETS0902/16,MASHO,HARIFEYO,ASSEFA,F,INDU. CHEM,B - 02,D-303
267,ETS0944/16,MERON,ALEMSHET,KITAW,F,INDU. CHEM,B - 02,D-303
268,ETS1138/16,NUHAMIN,ZELALEM,ASSEFA,F,INDU. CHEM,B - 02,D-303
269,ETS1255/16,SELAM,DABI,BALCHA,F,INDU. CHEM,B - 02,D-304
270,ETS1357/16,TINSAE,MUSE,WUBSHET,F,INDU. CHEM,B - 02,D-304
271,ETS1451/16,YETMWORK,BEHAILU,YEHUALASHET,F,INDU. CHEM,B - 02,D-304
272,ETS0349/17,BITANIA,YARED,BIRHANESELASSIE,F,MECH. E,B - 02,D-305
273,ETS0697/17,HANAN,GETAMESAY,TEFERI,F,MECH. E,B - 02,D-305
274,ETS0380/16,DAGMAWIT,KIFLE,DESSIE,F,MINING E,B - 02,D-305
275,ETS0486/16,ESKEDAR,ADDIS,ALEMAYEHU,F,MINING E,B - 02,D-305
276,ETS0076/16,ABIGIYA,FIKRU,WALELEGN,F,SWE,B - 02,D-306
277,ETS0101/16,ADDISALEM,MENGISTU,ABAKO,F,SWE,B - 02,D-306
278,ETS0115/16,AHLAM,AHMED,ALI,F,SWE,B - 02,D-306
279,ETS0135/16,AMANAWIT,BEHAILU,GEREMEW,F,SWE,B - 02,D-306
280,ETS0170/16,AMIRA,ABDURAHMAN,YACOB,F,SWE,B - 02,D-307
281,ETS0177/16,ANENI,KIDANU,MANALE,F,SWE,B - 02,D-307
282,ETS0190/16,ARSEMA,MENBERU,HAILEGNAW,F,SWE,B - 02,D-307
283,ETS0192/16,ARSEMA,SEIFE,DABI,F,SWE,B - 02,D-307
284,ETS0201/16,ASTER,TESHOME,YIHEYIS,F,SWE,B - 02,D-308
285,ETS0215/16,AZEB,YIRGA,WORKU,F,SWE,B - 02,D-308
286,ETS0220/16,BAMLAK,CHERNET,DUBALE,F,SWE,B - 02,D-308
287,ETS0221/16,BANCHIAMLAK,GOLLA,ASMAMAW,F,SWE,B - 02,D-308
288,ETS0222/16,BARKOT,FREW,MESSELE,F,SWE,B - 02,D-309
289,ETS0223/16,BARKOT,ZERIHUN,KEBEDE,F,SWE,B - 02,D-309
290,ETS0229/16,BEAMLAK,ATILABACHEW,MEKURIA,F,SWE,B - 02,D-309
291,ETS0243/16,BEMIGBAR,YEHUWALAWORK,TESHOME,F,SWE,B - 02,D-309
292,ETS0265/16,BETELHEM,KASSAYE,WASSIHUN,F,SWE,B - 02,D-310
293,ETS0277/16,BETHELHEM,JANKEBED,MELESE,F,SWE,B - 02,D-310
294,ETS0283/16,BETLIHEM,DEGEFU,ABEBE,F,SWE,B - 02,D-310
295,ETS0326/16,BIRUKTAWIT,MELKAMU,WAKTOLA,F,SWE,B - 02,D-310
296,ETS0433/16,EDEN,ALEMAYEHU,GEBETA,F,SWE,B - 02,D-311
297,ETS0436/16,EDEN,MENGSTE,MOGES,F,SWE,B - 02,D-311
298,ETS0442/16,EDOM,GETAHUN,MEKONEN,F,SWE,B - 02,D-311
299,ETS0473/16,ENAS,ATHAM,ABDULKHADIR,F,SWE,B - 02,D-311
300,ETS0480/16,EPHRATAH,GIRMA,BEKELE,F,SWE,B - 02,D-312
301,ETS0549/16,FENET,FIROMSA,DABI,F,SWE,B - 02,D-312
302,ETS0557/16,FEVEN,TASSEW,TADESSE,F,SWE,B - 02,D-312
303,ETS0563/16,FIKER,ROBEL,TAMIRU,F,SWE,B - 02,D-312
304,ETS0566/16,FIKERTE,YIMER,ABEGAZ,F,SWE,B - 02,D-313
305,ETS0618/16,GELILA,MELAKU,MESFIN,F,SWE,B - 02,D-313
306,ETS0645/16,HALELUYA,DESALEGN,LENTEBO,F,SWE,B - 02,D-313
307,ETS0646/16,HALELUYA,GASHAWTENA,ADAFRE,F,SWE,B - 02,D-313
308,ETS0647/16,HALWA,MOHAMMED,SEID,F,SWE,B - 02,D-314
309,ETS0653/16,HANA,GADISSA,DIDA,F,SWE,B - 02,D-314
310,ETS0662/16,HASET,TESFAYE,KUMBI,F,SWE,B - 02,D-314
311,ETS0667/16,HAVEN,GOITOM,HADGU,F,SWE,B - 02,D-314
312,ETS0668/16,HAWDIYA,ABDELLA,OMER,F,SWE,B - 02,D-315
313,ETS0670/16,HAWI,SEBSIBE,TADESSE,F,SWE,B - 02,D-315
314,ETS0674/16,HAYAT,AHMED,ADEM,F,SWE,B - 02,D-315
315,ETS0675/16,HAYAT,KHAYREDIN,WATRO,F,SWE,B - 02,D-315
316,ETS0676/16,HAYAT,MUSEMA,SERMOLO,F,SWE,B - 02,D-316
317,ETS0677/16,HAYAT,ZEYNU,JEMAL,F,SWE,B - 02,D-316
318,ETS0701/16,HERAN,HAILEMARIAM,KAHSAY,F,SWE,B - 02,D-316
319,ETS0707/16,HEWAN,ADAM,SHUBE,F,SWE,B - 02,D-316
320,ETS0721/16,HIWOT,ANMUT,MENGISTE,F,SWE,B - 02,D-317
321,ETS0777/16,KALKIDAN,FEKADU,ALEMU,F,SWE,B - 02,D-317
322,ETS0796/16,KENEAN,AYALEW,TADESSE,F,SWE,B - 02,D-317
323,ETS0871/16,LINA,AEMIRO,TEKLIE,F,SWE,B - 02,D-317
324,ETS0884/16,MAHDER,SAMSON,KEBEDE,F,SWE,B - 02,D-318
325,ETS0895/16,MARAKY,AYALNEH,YEROM,F,SWE,B - 02,D-318
326,ETS0907/16,MEAZA,ZELALEM,GELAW,F,SWE,B - 02,D-318
327,ETS0924/16,MEKLIT,MULUGETA,TAFFA,F,SWE,B - 02,D-318
328,ETS0925/16,MEKLIT,YEMANE,SHIFERAW,F,SWE,B - 02,D-319
329,ETS0932/16,MELAT,FEKADU,EJETA,F,SWE,B - 02,D-319
330,ETS0943/16,MERON,ALEMAYEHU,MULAT,F,SWE,B - 02,D-319
331,ETS0945/16,MERON,AMARE,MENGISTU,F,SWE,B - 02,D-319
332,ETS0978/16,MIHIRET,HAMBISSA,DETTI,F,SWE,B - 02,D-320
333,ETS1077/16,NARDOS,ASSEFA,GONFA,F,SWE,B - 02,D-320
334,ETS1078/16,NARDOS,MERESSA,GULELAT,F,SWE,B - 02,D-320
335,ETS1079/16,NARDOS,TSEGAYE,SEME,F,SWE,B - 02,D-320
336,ETS1109/16,NAZRAWIT,TEWODROS,BEZABIH,F,SWE,B - 02,D-321
337,ETS1112/16,NEBIYAT,ELIYAS,FIKERU,F,SWE,B - 02,D-321
338,ETS1161/16,RAHMET,ABDELAH,TEMAM,F,SWE,B - 02,D-321
339,ETS1172/16,REDIET,ASFER,AGZA,F,SWE,B - 02,D-321
340,ETS1189/16,RODAS,WORES,GEBREYESUS,F,SWE,B - 02,D-322
341,ETS1200/16,RUTH,DEMESSEW,ALEMU,F,SWE,B - 02,D-322
342,ETS1203/16,RUTH,KASSAHUN,ZELEKE,F,SWE,B - 02,D-322
343,ETS1241/16,SARA,REDWAN,SHURE,F,SWE,B - 02,D-322
344,ETS1243/16,SARA,TUEMAY,BARAKI,F,SWE,B - 02,D-323
345,ETS1260/16,SELAMAWIT,NAMSSI,ALKA,F,SWE,B - 02,D-323
346,ETS1266/16,SEMEHAL,HAILU,WOLDESLASSIE,F,SWE,B - 02,D-323
347,ETS1270/16,SEMIRA,NESRU,FEREJA,F,SWE,B - 02,D-323
348,ETS1272/16,SENPAIR,ALEMNEH,HUMNESSA,F,SWE,B - 02,D-324
349,ETS1277/16,SHEGITU,SHUKURI,ANOTA,F,SWE,B - 02,D-324
350,ETS1282/16,SIFEN,TESFAYE,KUMSA,F,SWE,B - 02,D-324
351,ETS1303/16,SOLIYANA,KIBROM,MEHIBUB,F,SWE,B - 02,D-324
352,ETS1304/16,SOLIYANA,WASIYHUN,TADESSE,F,SWE,B - 02,D-401
353,ETS1311/16,SOSINA,GIRMAY,MEHARI,F,SWE,B - 02,D-401
354,ETS1362/16,TIZITA,ENDESHAW,YILMA,F,SWE,B - 02,D-401
355,ETS1370/16,TSEDEY,FISEHA,ALEMU,F,SWE,B - 02,D-401
356,ETS1377/16,TSION,ANEMAW,MENILIK,F,SWE,B - 02,D-402
357,ETS1421/16,YASMIN,USMAN,KEMAL,F,SWE,B - 02,D-402
358,ETS1428/16,YEABSIRA,BELAY,ASFAW,F,SWE,B - 02,D-402
359,ETS1438/16,YEABSIRA,TAREKEGN,UMURO,F,SWE,B - 02,D-402
360,ETS1439/16,YEABSIRA,TAYE,TILAHUN,F,SWE,B - 02,D-403
361,ETS1446/16,YEISRAEL,DAWIT,TESEMA,F,SWE,B - 02,D-403
362,ETS1521/16,YORDANOS,ABEBE,GETACHEW,F,SWE,B - 02,D-403
363,ETS1573/16,ORNINA,DEREJE,TEFERA,F,SWE,B - 02,D-403
364,ETS1677/16,KIDST,NIGUS,GEBRESLASE,F,SWE,B - 02,D-304