No.,Student ID,First Name,Father Name,GFather Name,Sex,Department,Block,Dorm,,,
71,ETS0009/16,ABDI,LEMI,EJERSA,M,CIVIL E,B- 09,D-003,,,
72,ETS0010/16,ABDISA,LEGESE,SHIFERAW,M,CIVIL E,B- 09,D-003,,,
73,ETS0022/16,ABDUREHMAN,ZUBER,SEID,M,CIVIL E,B- 09,D-003,,,
74,ETS0025/16,ABDUSELAM,KEDIR,SHERIF,M,CIVIL E,B- 09,D-003,,,
75,ETS0028/16,ABEBE,AYKA,ANJAJO,M,CIVIL E,B- 09,D-004,,,
76,ETS0031/16,ABEL,ABREHAM,BEHALU,M,CIVIL E,B- 09,D-004,,,
77,ETS0060/16,ABENEZER,HAILEMARIAM,FETENE,M,CIVIL E,B- 09,D-004,,,
78,ETS0083/16,ABRAHAM,HAILU,GEBRETSADIK,M,CIVIL E,B- 09,D-004,,,
79,ETS0091/16,ABRHAM,MIHRET,KASSAHUN,M,CIVIL E,B- 09,D-005,,,
80,ETS0126/16,ALAZAR,SOLOMON,GULILAT,M,CIVIL E,B- 09,D-005,,,
81,ETS0131/16,ALEMNEW,ASEFA,SETE,M,CIVIL E,B- 09,D-005,,,
82,ETS0136/16,AMANUEL,ABONEH,SIME,M,CIVIL E,B- 09,D-005,,,
83,ETS0138/16,AMANUEL,AFEWORK,GEBRESLASSIE,M,CIVIL E,B- 09,D-006,,,
84,ETS0144/16,AMANUEL,FENTAHUN,ASFAW,M,CIVIL E,B- 09,D-006,,,
85,ETS0149/16,AMANUEL,HAILU,GEREMEW,M,CIVIL E,B- 09,D-006,,,
86,ETS0157/16,AMANUEL,TESSEMA,MULUGETA,M,CIVIL E,B- 09,D-006,,,
87,ETS0160/16,AMANUEL,ZELELEW,ABEGAZ,M,CIVIL E,B- 09,D-007,,,
88,ETS0180/16,ANTENEH,TARIKU,TENA,M,CIVIL E,B- 09,D-007,,,
89,ETS0181/16,ANTENEH,TESFAYE,SISAY,M,CIVIL E,B- 09,D-007,,,
90,ETS0206/16,AYMEN,AHMED,ARAGIE,M,CIVIL E,B- 09,D-007,,,
91,ETS0208/16,AYMEN,MUSTEFA,SENGERO,M,CIVIL E,B- 09,D-008,,,
92,ETS0210/16,AYNALEM,HAFTAY,AREGAWI,M,CIVIL E,B- 09,D-008,,,
93,ETS0231/16,BEAMLAK,SENTAYEHU,GEBREMEDEHIN,M,CIVIL E,B- 09,D-008,,,
94,ETS0235/16,BEFEKADU,GETIE,AWOKE,M,CIVIL E,B- 09,D-008,,,
95,ETS0286/16,BETSINAT,TESFAYE,MEKONNEN,M,CIVIL E,B- 09,D-009,,,
96,ETS0324/16,BIRUK,WORKU,SIMACHEW,M,CIVIL E,B- 09,D-009,,,
97,ETS0405/16,DAWIT,YIMER,YESUF,M,CIVIL E,B- 09,D-009,,,
98,ETS0423/16,DINAOL,LEGESSE,KUMSA,M,CIVIL E,B- 09,D-009,,,
99,ETS0425/16,DURESA,MOHAMMED,IBRAHIM,M,CIVIL E,B- 09,D-010,,,
100,ETS0464/16,ELSHADAY,BEHAILU,KIFLEMARIAM,M,CIVIL E,B- 09,D-010,,,
101,ETS0476/16,ENDALE,MENGISTU,TERFA,M,CIVIL E,B- 09,D-010,,,
102,ETS0489/16,ESMAEL,AREB,ARGAW,M,CIVIL E,B- 09,D-010,,,
103,ETS0499/16,ESTIFANOS,YALELET,GEBEYEHU,M,CIVIL E,B- 09,D-011,,,
104,ETS0519/16,EYOB,GEZACHEW,ASSEGID,M,CIVIL E,B- 09,D-011,,,
105,ETS0543/16,EZRA,KASU,SIME,M,CIVIL E,B- 09,D-011,,,
106,ETS0589/16,FIRAOL,HASAN,ABDU,M,CIVIL E,B- 09,D-011,,,
107,ETS0591/16,FIRAOL,MENGISTU,SHIFERAW,M,CIVIL E,B- 09,D-012,,,
108,ETS0593/16,FIRAOLI,ASEBE,BAYISA,M,CIVIL E,B- 09,D-012,,,
109,ETS0613/16,GELAWDIWOS,YILMA,ASHAGRE,M,CIVIL E,B- 09,D-012,,,
110,ETS0622/16,GEMECHIS,WORKALEMA,BEKELE,M,CIVIL E,B- 09,D-012,,,
111,ETS0626/16,GETNET,GOA,HADARO,M,CIVIL E,B- 09,D-013,,,
112,ETS0663/16,HASSEN,MEFTUH,ABDULAHI,M,CIVIL E,B- 09,D-013,,,
113,ETS0730/16,HUZEYFA,MOHAMMEDNUR,ABDULSHIKUR,M,CIVIL E,B- 09,D-013,,,
114,ETS0735/16,IBSA,ZEWDIE,TAKELE,M,CIVIL E,B- 09,D-013,,,
115,ETS0747/16,ISRAEL,ABDU,ABDELA,M,CIVIL E,B- 09,D-101,,,
116,ETS0791/16,KEMAL,ESAK,ABDO,M,CIVIL E,B- 09,D-101,,,
117,ETS0794/16,KENEAN,ABDI,ADEM,M,CIVIL E,B- 09,D-101,,,
118,ETS0801/16,KENENISA,GELO,ADULA,M,CIVIL E,B- 09,D-101,,,
119,ETS0806/16,KHALID,MUSTEFA,MOHAMMED,M,CIVIL E,B- 09,D-102,,,
120,ETS0824/16,KIDUS,MEKONNEN,BELETE,M,CIVIL E,B- 09,D-102,,,
121,ETS0842/16,KIRUBEL,TESFAYE,AHUJI,M,CIVIL E,B- 09,D-102,,,
122,ETS0844/16,KOKET,FANTA,DABA,M,CIVIL E,B- 09,D-102,,,
123,ETS0971/16,MICHAEL,YEHUALASHET,ZEWDU,M,CIVIL E,B- 09,D-103,,,
124,ETS0988/16,MIKIYAS,MITIKU,WOLDEYES,M,CIVIL E,B- 09,D-103,,,
125,ETS1007/16,MOHAMMED,ADEM,MOHAMMED,M,CIVIL E,B- 09,D-103,,,
126,ETS1009/16,MOHAMMED,HUSEIN,USMAN,M,CIVIL E,B- 09,D-103,,,
127,ETS1012/16,MOHAMMED,SIRAJ,ISSA,M,CIVIL E,B- 09,D-104,,,
128,ETS1029/16,MUKTAR,MUHAMED,ALI,M,CIVIL E,B- 09,D-104,,,
129,ETS1046/16,NAHOM,ABYOT,MULUGETA,M,CIVIL E,B- 09,D-104,,,
130,ETS1048/16,NAHOM,BONA,BOGALE,M,CIVIL E,B- 09,D-104,,,
131,ETS1054/16,NAHOM,HAGAZI,FEKADU,M,CIVIL E,B- 09,D-105,,,
132,ETS1100/16,NATNAEL,MESFIN,GETU,M,CIVIL E,B- 09,D-105,,,
133,ETS1104/16,NATNAEL,TESFAYE,AREDA,M,CIVIL E,B- 09,D-105,,,
134,ETS1107/16,NATNAEL,ZEMEDIKUN,ZERFU,M,CIVIL E,B- 09,D-105,,,
135,ETS1115/16,NEBIYU,DANIEL,MEKONNEN,M,CIVIL E,B- 09,D-106,,,
136,ETS1179/16,REDWAN,DAWUD,TURA,M,CIVIL E,B- 09,D-106,,,
137,ETS1185/16,ROBEL,KELEMU,MOGES,M,CIVIL E,B- 09,D-106,,,
138,ETS1226/16,SAMUEL,GIZACHEW,AYANA,M,CIVIL E,B- 09,D-106,,,
139,ETS1237/16,SAMUEL,WACHIFA,GODANA,M,CIVIL E,B- 09,D-107,,,
140,ETS1239/16,SAMUEL,YONAS,GHEBREGZIABHER,M,CIVIL E,B- 09,D-107,,,
141,ETS1251/16,SEBATOLA,HIKO,EDAO,M,CIVIL E,B- 09,D-107,,,
142,ETS1253/16,SEGNI,MIDEKSA,FUFA,M,CIVIL E,B- 09,D-107,,,
143,ETS1319/16,SURAFEL,DENEKE,ZEWUDU,M,CIVIL E,B- 09,D-108,,,
144,ETS1321/16,SURAFEL,GETNET,AYALEW,M,CIVIL E,B- 09,D-108,,,
145,ETS1329/16,TADELE,BIRHANU,ETICHA,M,CIVIL E,B- 09,D-108,,,
146,ETS1348/16,TEWODROS,BRHANU,SENDEK,M,CIVIL E,B- 09,D-108,,,
147,ETS1349/16,TEWODROS,YITAYIH,BEYENE,M,CIVIL E,B- 09,D-109,,,
148,ETS1391/16,WORKU,MUNIYE,NECHO,M,CIVIL E,B- 09,D-109,,,
149,ETS1395/16,YABETS,KORE,ARGAW,M,CIVIL E,B- 09,D-109,,,
150,ETS1398/16,YABSERA,MASRESHA,GETAHUN,M,CIVIL E,B- 09,D-109,,,
151,ETS1401/16,YAFET,GEZAHEGN,AJEBE,M,CIVIL E,B- 09,D-110,,,
152,ETS1413/15,YIGREM,BAYU,KEBEDE,M,CIVIL E,B- 09,D-110,,,
153,ETS1466/16,YITEGASU,ZEWDU,ASEFA,M,CIVIL E,B- 09,D-110,,,
154,ETS1501/16,YONAS,MULUGETA,TIBEBU,M,CIVIL E,B- 09,D-110,,,
155,ETS1506/16,YONATAN,BIRHANE,GEBREHIWOT,M,CIVIL E,B- 09,D-111,,,
156,ETS1508/16,YONATAN,FIKRU,TSEGAYE,M,CIVIL E,B- 09,D-111,,,
157,ETS1532/16,YOSEF,GEBRE,MARIE,M,CIVIL E,B- 09,D-111,,,
158,ETS1533/16,YOSEF,GOITOM,BERHANE,M,CIVIL E,B- 09,D-111,,,
159,ETS1536/14,TEMESGEN,CHALESA,WEDAJO,M,CIVIL E,B- 09,D-112,,,
160,ETS1536/16,YOSEPH,DENEKE,CHAKA,M,CIVIL E,B- 09,D-112,,,
161,ETS1565/16,ZERUBABEL,SISAY,HAILU,M,CIVIL E,B- 09,D-112,,,
162,ETS1587/16,MOHAMED,WARSAME,ESSE,M,CIVIL E,B- 09,D-112,,,
163,ETS0002/16,ABAY,ASHAGRIE,AYALEW,M,ECE,B- 09,D-113,,,
164,ETS0008/16,ABDI,DIRO,GUTEMA,M,ECE,B- 09,D-113,,,
165,ETS0063/16,ABENEZER,MARKOS,BIRHANU,M,ECE,B- 09,D-113,,,
166,ETS0070/16,ABENEZER,TSEGAYE,JEBO,M,ECE,B- 09,D-113,,,
167,ETS0072/16,ABEYE,WORKE,AMBACHEW,M,ECE,B- 09,D-114,,,
168,ETS0097/16,ABUBEKER,SUKARA,TULA,M,ECE,B- 09,D-114,,,
169,ETS0108/16,ADONIYAS,GETNET,ADUGNA,M,ECE,B- 09,D-114,,,
170,ETS0109/16,ADUGNA,TOLESSA,SEDI,M,ECE,B- 09,D-114,,,
171,ETS0117/16,AHMED,MOHAMMEDYASIN,MOHAMMED,M,ECE,B- 09,D-115,,,
172,ETS0129/16,ALEHEGN,ENYEW,ZEWDIE,M,ECE,B- 09,D-115,,,
173,ETS0139/16,AMANUEL,AMARE,DESALEGN,M,ECE,B- 09,D-115,,,
174,ETS0143/16,AMANUEL,FANTAYE,GETAHUN,M,ECE,B- 09,D-115,,,
175,ETS0150/16,AMANUEL,LEGESE,TIRUNEH,M,ECE,B- 09,D-116,,,
176,ETS0152/16,AMANUEL,SAMUEL,GEDO,M,ECE,B- 09,D-116,,,
177,ETS0168/16,AMIR,AWOL,SULEMAN,M,ECE,B- 09,D-116,,,
178,ETS0174/16,ANANIYA,AMEHA,DAMTEW,M,ECE,B- 09,D-116,,,
179,ETS0182/16,ARAYA,BRHANE,GEBREMESKEL,M,ECE,B- 09,D-117,,,
180,ETS0194/16,ASEFA,TEKEBA,BIYAYLIGNE,M,ECE,B- 09,D-117,,,
181,ETS0238/16,BEKA,MULATU,AYANA,M,ECE,B- 09,D-117,,,
182,ETS0261/16,BEREKETAB,MEZGEBE,NIGUSSE,M,ECE,B- 09,D-117,,,
183,ETS0306/16,BINIYAM,WALLE,MEKONNE,M,ECE,B- 09,D-118,,,
184,ETS0314/16,BIRUK,AKLILU,BEKELE,M,ECE,B- 09,D-118,,,
185,ETS0315/16,BIRUK,DESTA,GIRUM,M,ECE,B- 09,D-118,,,
186,ETS0353/16,DAGEM,DEBELE,ADUGNA,M,ECE,B- 09,D-118,,,
187,ETS0357/16,DAGIM,DANIEL,KINFE,M,ECE,B- 09,D-201,,,
188,ETS0366/16,DAGMAWI,EPHESON,ELIAS,M,ECE,B- 09,D-201,,,
189,ETS0372/16,DAGMAWI,TESFAYE,GEBEYEHU,M,ECE,B- 09,D-201,,,
190,ETS0376/16,DAGMAWI,ZNABU,BAYOU,M,ECE,B- 09,D-201,,,
191,ETS0395/16,DAWIT,BEHAILU,DEMEKE,M,ECE,B- 09,D-202,,,
192,ETS0398/16,DAWIT,GEBREMEDHIN,HABTE,M,ECE,B- 09,D-202,,,
193,ETS0403/16,DAWIT,TADELE,KETTI,M,ECE,B- 09,D-202,,,
194,ETS0409/16,DENKSEW,DEMEKE,SUGATO,M,ECE,B- 09,D-202,,,
195,ETS0411/16,NOHA,SISAY,TILAHUN,M,ECE,B- 09,D-203,,,
196,ETS0412/16,DESETAW,HUNEGNAW,ABATE,M,ECE,B- 09,D-203,,,
197,ETS0467/16,EMBAKOM,GOBA,KABALO,M,ECE,B- 09,D-203,,,
198,ETS0491/16,ESRAEL,GIRMA,SHEBERA,M,ECE,B- 09,D-203,,,
199,ETS0501/16,ESUYALEW,WORKNEH,ABAYNEH,M,ECE,B- 09,D-204,,,
200,ETS0523/16,EYOB,WENDMAGEGN,GIRMA,M,ECE,B- 09,D-204,,,
201,ETS0528/16,EYOEL,ALEMU,FEKENSA,M,ECE,B- 09,D-204,,,
202,ETS0539/16,EYUEL,DAWIT,WORKNEH,M,ECE,B- 09,D-204,,,
203,ETS0546/16,FANUEL,ASFAW,BANTI,M,ECE,B- 09,D-205,,,
204,ETS0548/16,FASIL,MOHAMMED,GALATO,M,ECE,B- 09,D-205,,,
205,ETS0561/16,FIKER,ABEBAYEHU,TAMRAT,M,ECE,B- 09,D-205,,,
206,ETS0573/16,FIKIR,TADESSE,DEMENA,M,ECE,B- 09,D-205,,,
207,ETS0577/16,FIKREMARIAM,MERSHA,MULU,M,ECE,B- 09,D-206,,,
208,ETS0578/16,FIKREMARKOS,MEZGEBU,BIAZEN,M,ECE,B- 09,D-206,,,
209,ETS0579/16,FIKRESILASE,MEKONNEN,AYITENFSU,M,ECE,B- 09,D-206,,,
210,ETS0586/16,FIRAOL,ABDISA,ABDETU,M,ECE,B- 09,D-206,,,
211,ETS0594/16,FIREZER,KEBEDE,TOMA,M,ECE,B- 09,D-207,,,
212,ETS0595/16,FISATSIYON,ADISU,ABUTE,M,ECE,B- 09,D-207,,,
213,ETS0604/16,FRAOL,BIRUK,HAILU,M,ECE,B- 09,D-207,,,
214,ETS0605/16,FREKAL,KASSAHUN,BELAY,M,ECE,B- 09,D-207,,,
215,ETS0612/16,GELANA,HORDOFA,BENTI,M,ECE,B- 09,D-208,,,
216,ETS0623/16,GETACHEW,DARGIE,ASFAW,M,ECE,B- 09,D-208,,,
217,ETS0630/16,GIRMA,TEFERA,SHITIE,M,ECE,B- 09,D-208,,,
218,ETS0631/16,GIRUM,BERHANU,HAILEMARIAM,M,ECE,B- 09,D-208,,,
219,ETS0636/16,HABTAMU,SHITAW,YESHANEH,M,ECE,B- 09,D-209,,,
220,ETS0695/16,HENOK,DAMTEW,TILAHUN,M,ECE,B- 09,D-209,,,
221,ETS0700/16,HENOK,TESFA,ABEBE,M,ECE,B- 09,D-209,,,
222,ETS0718/16,HIRYAKOS,SEIFESELASSIE,AYALEW,M,ECE,B- 09,D-209,,,
223,ETS0728/16,HUSEN,ABDULKADIR,HUSEN,M,ECE,B- 09,D-210,,,
224,ETS0731/16,IBRAHIM,AKMEL,NESRO,M,ECE,B- 09,D-210,,,
225,ETS0745/16,ISMAIL,YASIN,HUSEIN,M,ECE,B- 09,D-210,,,
226,ETS0749/16,ISREAL,ASNAKE,YDEG,M,ECE,B- 09,D-210,,,
227,ETS0752/16,JEMAL,HAMID,BIRHAN,M,ECE,B- 09,D-211,,,
228,ETS0760/16,KALEAB,BIRUK,LEYKUN,M,ECE,B- 09,D-211,,,
229,ETS0786/16,KASSAHUN,SHEGAW,TEFERA,M,ECE,B- 09,D-211,,,
230,ETS0804/16,KHALID,ABDULBASIT,MOHAMMED,M,ECE,B- 09,D-211,,,
231,ETS0809/16,KIBROM,MOGES,NIGUS,M,ECE,B- 09,D-212,,,
232,ETS0821/16,KIDUS,KIFLE,SEBGAZE,M,ECE,B- 09,D-212,,,
233,ETS0826/16,KIDUS,MEZGEBE,ABEBE,M,ECE,B- 09,D-212,,,
234,ETS0848/16,LAMI,MISGANA,YADETA,M,ECE,B- 09,D-212,,,
235,ETS0857/16,LEUL,KASSAHUN,BAYU,M,ECE,B- 09,D-213,,,
236,ETS0903/16,MATHANIA,MESFIN,ABEBE,M,ECE,B- 09,D-213,,,
237,ETS0926/16,MEKONEN,ZEMENU,LEKNI,M,ECE,B- 09,D-213,,,
238,ETS0966/16,MICHAEL,DAWIT,FIKRE,M,ECE,B- 09,D-213,,,
239,ETS0973/16,MIDEKSA,TEFERI,DUGASA,M,ECE,B- 09,D-214,,,
240,ETS0977/16,MIHALI,SOLOMON,PAULOS,M,ECE,B- 09,D-214,,,
241,ETS0986/16,MIKIYAS,FEKADU,GEBREEGZIABHER,M,ECE,B- 09,D-214,,,
242,ETS0989/16,MIKIYAS,TEMESGEN,ADDISE,M,ECE,B- 09,D-214,,,
243,ETS0990/16,MIKIYAS,TESHOME,MEKONNEN,M,ECE,B- 09,D-215,,,
244,ETS0999/16,MISGUN,TESFAYE,DEGYIBZA,M,ECE,B- 09,D-215,,,
245,ETS1000/16,MISIKER,ALEKA,HAILU,M,ECE,B- 09,D-215,,,
246,ETS1004/16,MOHAMMED,ABDULAZIZ,ABABO,M,ECE,B- 09,D-215,,,
247,ETS1019/16,MOTUMA,MELKAMU,GEBEYEHU,M,ECE,B- 09,D-216,,,
248,ETS1022/16,MUAZ,JEMAL,NEGASH,M,ECE,B- 09,D-216,,,
249,ETS1024/16,MUBAREK,SEID,ALI,M,ECE,B- 09,D-216,,,
250,ETS1034/16,MULUSEW,WASIE,SISAY,M,ECE,B- 09,D-216,,,
251,ETS1049/16,NAHOM,FIKREMARIAM,GEZAHEGN,M,ECE,B- 09,D-217,,,
252,ETS1061/16,NAHOM,YICHALEWAL,GOSHIME,M,ECE,B- 09,D-217,,,
253,ETS1064/16,NAHOM,ZELALEM,BERHANU,M,ECE,B- 09,D-217,,,
254,ETS1071/16,NAOL,BIRHANU,GARKEBO,M,ECE,B- 09,D-217,,,
255,ETS1092/16,NATNAEL,AYELE,ASHEBIR,M,ECE,B- 09,D-218,,,
256,ETS1096/16,NATNAEL,ENDASHAW,KEFELEGN,M,ECE,B- 09,D-218,,,
257,ETS1098/16,NATNAEL,GIRMA,METAFERIA,M,ECE,B- 09,D-218,,,
258,ETS1113/16,NEBIYELEOL,DANIEL,YOHANNIS,M,ECE,B- 09,D-218,,,
259,ETS1118/16,NEGASI,BRHANU,TADELE,M,ECE,B- 09,D-301,,,
260,ETS1125/16,NESREDIN,ABDU,YASIN,M,ECE,B- 09,D-301,,,
261,ETS1128/16,NIGUS,YILMA,DERBIE,M,ECE,B- 09,D-301,,,
262,ETS1141/16,OBSAN,GETACHEW,EDEA,M,ECE,B- 09,D-301,,,
263,ETS1151/16,PHILEMON,TADIWOS,YOHANNIS,M,ECE,B- 09,D-302,,,
264,ETS1223/16,SAMUEL,BELAY,ABEBE,M,ECE,B- 09,D-302,,,
265,ETS1227/16,SAMUEL,HABTAMU,SHIBRU,M,ECE,B- 09,D-302,,,
266,ETS1232/16,SAMUEL,OLUMA,DINSA,M,ECE,B- 09,D-302,,,
267,ETS1233/16,SAMUEL,SOLOMON,SISHAW,M,ECE,B- 09,D-303,,,
268,ETS1279/16,SIEM,GEBREHIWOT,ABREHA,M,ECE,B- 09,D-303,,,
269,ETS1289/16,SIMON,YIHEYIS,ZENEBE,M,ECE,B- 09,D-303,,,
270,ETS1326/16,SURAFIEL,GEJETE,GANAMO,M,ECE,B- 09,D-303,,,
271,ETS1327/16,SURAPHEL,ALEMU,MISGANAW,M,ECE,B- 09,D-304,,,
272,ETS1330/16,TADEWES,ABEBE,DEMISSIE,M,ECE,B- 09,D-304,,,
273,ETS1341/16,TESFAMICHAEL,TAREKEGN,FENTIE,M,ECE,B- 09,D-304,,,
274,ETS1342/16,TESHIWAL,DERAJ,SHIFERAW,M,ECE,B- 09,D-304,,,
275,ETS1345/16,TEWELDE,ZEMENE,KASE,M,ECE,B- 09,D-305,,,
276,ETS1346/16,TEWODROS,ASSEFA,MENGISTU,M,ECE,B- 09,D-305,,,
277,ETS1347/16,TEWODROS,BIRHANU,LERA,M,ECE,B- 09,D-305,,,
278,ETS1393/16,WULETAW,BERGENE,DURCHO,M,ECE,B- 09,D-305,,,
279,ETS1399/16,YADEEL,BEZUAYEHU,MENBERE,M,ECE,B- 09,D-306,,,
280,ETS1448/16,YENENEH,FASIL,GEBRE,M,ECE,B- 09,D-306,,,
281,ETS1454/16,YICHALAL,GETAHUN,ARIFICHO,M,ECE,B- 09,D-306,,,
282,ETS1457/16,YISAK,ABRHAM,KASSA,M,ECE,B- 09,D-306,,,
283,ETS1460/16,YISHAK,ABRAHAM,ZERIHUN,M,ECE,B- 09,D-307,,,
284,ETS1467/16,YOBSAN,FUFA,GELA,M,ECE,B- 09,D-307,,,
285,ETS1471/16,YOHANES,KELEB,MOLA,M,ECE,B- 09,D-307,,,
286,ETS1476/16,YOHANNES,ADUGNA,TAREKEGN,M,ECE,B- 09,D-307,,,
287,ETS1477/16,YOHANNES,ALEMAYEHU,YIRGU,M,ECE,B- 09,D-308,,,
288,ETS1478/16,YOHANNES,AYALU,TEREFE,M,ECE,B- 09,D-308,,,
289,ETS1480/16,YOHANNES,DANIEL,DESALEGN,M,ECE,B- 09,D-308,,,
290,ETS1484/14,SISAY,SIYUM,FEKADU,M,ECE,B- 09,D-308,,,
291,ETS1485/16,YOHANNES,TAMRAT,WOLDEAMANUEL,M,ECE,B- 09,D-309,,,
292,ETS1490/16,YOHANNIS,ZEWDU,FIKADU,M,ECE,B- 09,D-309,,,
293,ETS1498/16,YONAS,HAGOS,GEBREMESKEL,M,ECE,B- 09,D-309,,,
294,ETS1500/16,YONAS,MOLLA,LEGESE,M,ECE,B- 09,D-309,,,
295,ETS1503/15,ZEID,HUSSEN,ENDRIS,M,ECE,B- 09,D-310,,,
296,ETS1504/16,YONATAN,ASMAMAW,GETNET,M,ECE,B- 09,D-310,,,
297,ETS1537/16,YOSEPH,DEREJE,GETANEH,M,ECE,B- 09,D-310,,,
298,ETS1568/16,DAGIM,DEMISSIE,KASSA,M,ECE,B- 09,D-310,,,
299,ETS1569/16,EBA,TAKELE,MOSISA,M,ECE,B- 09,D-311,,,
300,ETS1669/16,AZARIYA,AMEHA,DAMTEW,M,ECE,B- 09,D-311,,,
301,ETS0032/16,ABEL,ALEHEGN,ALEMKERE,M,EME,B- 09,D-311,,,
302,ETS0041/16,ABEL,NEWAY,HABTEYSUS,M,EME,B- 09,D-311,,,
303,ETS0047/16,ABEL,TESFAYE,TEMESO,M,EME,B- 09,D-312,,,
304,ETS0066/16,ABENEZER,SEMAGN,BEKELE,M,EME,B- 09,D-312,,,
305,ETS0068/16,ABENEZER,TESFAYE,TADESSE,M,EME,B- 09,D-312,,,
306,ETS0069/16,ABENEZER,TILAHUN,YITAGESU,M,EME,B- 09,D-312,,,
307,ETS0082/16,ABIY,TSEHAYETSIDK,ASNAKE,M,EME,B- 09,D-313,,,
308,ETS0084/16,ABRAHAM,MINISHAW,YESHABEL,M,EME,B- 09,D-313,,,
309,ETS0141/16,AMANUEL,BOGALE,GEBREGIORGIS,M,EME,B- 09,D-313,,,
310,ETS0158/16,AMANUEL,TSEHAY,MENGISTE,M,EME,B- 09,D-313,,,
311,ETS0212/16,AZARIA,ASRAT,WORKU,M,EME,B- 09,D-314,,,
312,ETS0218/16,BAHIRAN,GIRMA,NIGUS,M,EME,B- 09,D-314,,,
313,ETS0239/16,BEKALU,TADESSE,AMARE,M,EME,B- 09,D-314,,,
314,ETS0247/16,BEMNET,DAGNE,MULISA,M,EME,B- 09,D-314,,,
315,ETS0319/16,BIRUK,MERSHA,MAMO,M,EME,B- 09,D-315,,,
316,ETS0323/16,BIRUK,WORKU,LIDI,M,EME,B- 09,D-315,,,
317,ETS0343/16,BORKET,BEYENE,DECHASA,M,EME,B- 09,D-315,,,
318,ETS0355/16,DAGIM,BOGALE,WORKU,M,EME,B- 09,D-315,,,
319,ETS0391/16,DANIEL,TEHULU,BELAY,M,EME,B- 09,D-316,,,
320,ETS0393/16,DAWIT,ABEBAE,SHEWAFERA,M,EME,B- 09,D-316,,,
321,ETS0397/16,DAWIT,GEBEYEHU,WORKU,M,EME,B- 09,D-316,,,
322,ETS0401/16,DAWIT,NIGUSSIE,HABTEMARIAM,M,EME,B- 09,D-316,,,
323,ETS0408/16,DEJENE,MEKONNEN,ABEBE,M,EME,B- 09,D-317,,,
324,ETS0421/16,DILNESA,BEKABIL,TAMIR,M,EME,B- 09,D-317,,,
325,ETS0427/16,EARMIYAS,GEREMEW,ATINAFU,M,EME,B- 09,D-317,,,
326,ETS0477/16,ENDRYAS,ESHETU,LELAMO,M,EME,B- 09,D-317,,,
327,ETS0590/16,FIRAOL,KEFENA,SENDABA,M,EME,B- 09,D-318,,,
328,ETS0600/16,FITSUM,MULUGETA,ARGAW,M,EME,B- 09,D-318,,,
329,ETS0610/16,GEBRETSADIK,GIZACHEW,ABAY,M,EME,B- 09,D-318,,,
330,ETS0624/16,GETAHUN,BIRHANU,GEBREMARIAM,M,EME,B- 09,D-318,,,
331,ETS0643/16,HAIMANOT,DESIE,ANLEY,M,EME,B- 09,D-401,,,
332,ETS0692/16,HENOK,ABEBE,DEMISSIE,M,EME,B- 09,D-401,,,
333,ETS0727/16,HUBEYB,KEDIR,ALI,M,EME,B- 09,D-401,,,
334,ETS0742/16,ISAAC,DEJENE,GERESU,M,EME,B- 09,D-401,,,
335,ETS0786/15,KIDUS,FEKADU,BEZABH,M,EME,B- 09,D-402,,,
336,ETS0798/16,KENEAN,SHIMEKIT,KIFLE,M,EME,B- 09,D-402,,,
337,ETS0799/16,KENENISA,BEKELE,GEBISA,M,EME,B- 09,D-402,,,
338,ETS0807/16,KHALID,ZEYNU,REDI,M,EME,B- 09,D-402,,,
339,ETS0825/16,KIDUS,MELAKU,GIRMA,M,EME,B- 09,D-403,,,
340,ETS0841/16,KIRUBEL,SHEWALEM,GEBRE,M,EME,B- 09,D-403,,,
341,ETS0859/16,LEUL,MOKONNEN,GEBREMEDHEN,M,EME,B- 09,D-403,,,
342,ETS0954/16,MERSEN,FISSEHA,ABEBE,M,EME,B- 09,D-403,,,
343,ETS0982/16,MIHRET,TEGETE,ASFAW,M,EME,B- 09,D-404,,,
344,ETS0996/15,NAHOM,YIBLETACHEW,BIKALE,M,EME,B- 09,D-404,,,
345,ETS0997/16,MIRACLE,ESHETU,TADESSE,M,EME,B- 09,D-404,,,
346,ETS1039/16,MUSSIE,KIFLE,SHIMELIS,M,EME,B- 09,D-404,,,
347,ETS1057/15,NATNAEL,GEBEYEHU,GIRMA,M,EME,B- 09,D-405,,,
348,ETS1085/16,NATHAN,GEZAHEGN,GUDETA,M,EME,B- 09,D-405,,,
349,ETS1111/16,NEBIL,FENTAW,KEBEDE,M,EME,B- 09,D-405,,,
350,ETS1114/16,NEBIYELUL,MUSSIE,YIGZAW,M,EME,B- 09,D-405,,,
351,ETS1120/16,NEHMYA,DEJEN,MIHRET,M,EME,B- 09,D-406,,,
352,ETS1191/16,ROLIH,DEGAREGE,ALAMIREW,M,EME,B- 09,D-406,,,
353,ETS1216/16,SAMSON,GEBRE,DANA,M,EME,B- 09,D-406,,,
354,ETS1229/16,SAMUEL,LEMMA,AYELE,M,EME,B- 09,D-406,,,
355,ETS1231/16,SAMUEL,NIGUSSIE,CHANIE,M,EME,B- 09,D-407,,,
356,ETS1317/16,SULYMAN,ABDU,SEMAN,M,EME,B- 09,D-407,,,
357,ETS1320/16,SURAFEL,GENENE,WEBESHET,M,EME,B- 09,D-407,,,
358,ETS1325/16,SURAFEL,TEFERA,AREGA,M,EME,B- 09,D-407,,,
359,ETS1335/16,TEKALIGN,DABENA,HORE,M,EME,B- 09,D-408,,,
360,ETS1394/16,YABETS,KIBRU,TSEHAY,M,EME,B- 09,D-408,,,
361,ETS1396/16,YABETS,NIGATU,ARGAW,M,EME,B- 09,D-408,,,
362,ETS1411/16,YARED,BRHANU,ASSEFA,M,EME,B- 09,D-408,,,
363,ETS1420/16,YARED,YIZELKAL,YIRDAW,M,EME,B- 09,D-409,,,
364,ETS1444/16,YEFASIKAESHET,ERGETACHEW,MERID,M,EME,B- 09,D-409,,,
365,ETS1468/16,YODAHE,BELAY,FITE,M,EME,B- 09,D-409,,,
366,ETS1486/16,YOHANNES,TESHOME,MENGISTU,M,EME,B- 09,D-409,,,
367,ETS1489/16,YOHANNES,YITAYEW,TADESSE,M,EME,B- 09,D-410,,,
368,ETS1549/16,ZAHIR,ADEM,SULEYMAN,M,EME,B- 09,D-410,,,
369,ETS1558/16,ZEMENU,TESHAGER,BELAY,M,EME,B- 09,D-410,,,
433,ETS0033/16,ABEL,AYALEW,TSEGAYE,M,INDU. CHEM,B- 09,D-410,,,
434,ETS0085/16,ABRAHAM,TESFAYE,ABEBE,M,INDU. CHEM,B- 09,D-411,,,
435,ETS0102/16,ADEM,BEDRU,ADEM,M,INDU. CHEM,B- 09,D-411,,,
436,ETS0128/16,ALEBEL,BOGALE,AYNIE,M,INDU. CHEM,B- 09,D-411,,,
437,ETS0137/16,AMANUEL,ABRHA,TADESE,M,INDU. CHEM,B- 09,D-411,,,
438,ETS0226/16,BASLEAL,GETU,BUNARE,M,INDU. CHEM,B- 09,D-412,,,
439,ETS0313/16,BIRUK,ABEBE,GELETA,M,INDU. CHEM,B- 09,D-412,,,
440,ETS0347/16,CHALA,EDOSA,BAYETA,M,INDU. CHEM,B- 09,D-412,,,
441,ETS0521/15,EZEDIN,AHMED,MOHAMMED,M,INDU. CHEM,B- 09,D-412,,,
442,ETS0540/16,EYUEL,MILKYAS,OBOLA,M,INDU. CHEM,B- 09,D-413,,,
443,ETS0598/16,FITSUM,ASAYE,MILKI,M,INDU. CHEM,B- 09,D-413,,,
444,ETS0729/16,HUZEYFA,JEMAL,BESHIR,M,INDU. CHEM,B- 09,D-413,,,
445,ETS0768/16,KALEB,ALEMAYEHU,ASSEFA,M,INDU. CHEM,B- 09,D-413,,,
446,ETS0785/16,KASAHUN,TEFERA,BEREKE,M,INDU. CHEM,B- 09,D-414,,,
447,ETS1021/16,MUAZ,BIYA,RAYA,M,INDU. CHEM,B- 09,D-414,,,
448,ETS1089/16,NATNAEL,ABIY,MULUGETA,M,INDU. CHEM,B- 09,D-414,,,
449,ETS1126/16,NESRI,FETHI,MEHADI,M,INDU. CHEM,B- 09,D-414,,,
450,ETS1131/16,NOAH,KASSAHUN,LEMMA,M,INDU. CHEM,B- 09,D-415,,,
451,ETS1183/16,ROBEL,ASEGID,BEKELE,M,INDU. CHEM,B- 09,D-415,,,
452,ETS1464/16,YISIHAK,WONDIMAGEGN,TEKESTE,M,INDU. CHEM,B- 09,D-415,,,
453,ETS1482/16,YOHANNES,FEKADU,HAILE,M,INDU. CHEM,B- 09,D-415,,,
454,ETS1512/16,YONATAN,SAMUEL,GASHAW,M,INDU. CHEM,B- 09,D-416,,,
455,ETS1514/16,YONATAN,TESHALE,CHEFFO,M,INDU. CHEM,B- 09,D-416,,,
456,ETS1516/16,YONATHAN,BERHANU,TADESSE,M,INDU. CHEM,B- 09,D-416,,,
457,ETS1556/16,ZEMED,BIRHANU,ASEFA,M,INDU. CHEM,B- 09,D-416,,,
425,ETS0236/15,BEREKET,GIRMA,NEMERA,M,GEOLOGY,B- 09,D-417,,,
426,ETS0537/16,EYUAL,TEWELDEBRHAN,MEKONEN,M,GEOLOGY,B- 09,D-417,,,
427,ETS0580/16,FILIMON,GEBRU,MELES,M,GEOLOGY,B- 09,D-417,,,
428,ETS0581/16,FILIMON,KFLOM,GEBREEZGABIHER,M,GEOLOGY,B- 09,D-417,,,
429,ETS0970/16,MICHAEL,WONDAFRASH,NEGERA,M,GEOLOGY,B- 09,D-418,,,
430,ETS1037/16,MUSSIE,AMBACHEW,KASSA,M,GEOLOGY,B- 09,D-418,,,
431,ETS1238/16,SAMUEL,WELDU,HILUF,M,GEOLOGY,B- 09,D-418,,,
432,ETS1672/16,ESAK,HAILE,WERKNEH,M,GEOLOGY,B- 09,D-418,,,
1,ETS0081/16,ABINGUSS,SOLOMON,AYALEW,M,ARCH,B- 11,D-001,,,
2,ETS0183/16,ARJAWAK,DEKSISSA,DEBELE,M,ARCH,B- 11,D-001,,,
3,ETS0263/16,BESUFIKAD,MESFIN,MADA,M,ARCH,B- 11,D-001,,,
4,ETS0363/16,DAGMAWI,ALI,ADEM,M,ARCH,B- 11,D-001,,,
5,ETS0468/16,EMERTA,TESFAYE,TADESSE,M,ARCH,B- 11,D-002,,,
6,ETS0609/16,GADISA,BELAY,ATOMSA,M,ARCH,B- 11,D-002,,,
7,ETS0750/16,IZANA,KIBRU,CHALA,M,ARCH,B- 11,D-002,,,
8,ETS0833/16,KIDUS,YOHANNES,SEMERE,M,ARCH,B- 11,D-002,,,
9,ETS0835/16,KIHLOT,HAGERBIGEGN,HAILEMESKEL,M,ARCH,B- 11,D-003,,,
10,ETS0840/16,KIRUBEL,MELESE,MEHRET,M,ARCH,B- 11,D-003,,,
11,ETS0843/16,KIRUBEL,WUBSHET,MULATU,M,ARCH,B- 11,D-003,,,
12,ETS1060/16,NAHOM,SOLOMON,BIRHANU,M,ARCH,B- 11,D-003,,,
13,ETS1070/16,NAOL,BIRHANU,KITATA,M,ARCH,B- 11,D-004,,,
14,ETS1082/16,NATAN,BOJI,FEYISA,M,ARCH,B- 11,D-004,,,
15,ETS1083/16,NATAN,TESFAYE,TIRUNEH,M,ARCH,B- 11,D-004,,,
16,ETS1528/16,YORDANOS,ZENEBE,ZEWDU,M,ARCH,B- 11,D-004,,,
17,ETS1539/16,YOSEPH,GULELAT,KEBEDE,M,ARCH,B- 11,D-005,,,
18,ETS1679/16,MIKIYAS,BIZAYEHU,GUGSA,M,ARCH,B- 11,D-005,,,
19,ETS0061/16,ABENEZER,KETEMA,KIFLE,M,BIOTECH,B- 11,D-005,,,
20,ETS0073/16,ABEZAW,TAMIRU,CHEKOL,M,BIOTECH,B- 11,D-005,,,
21,ETS0197/16,ASER,HAILU,ARGAW,M,BIOTECH,B- 11,D-006,,,
22,ETS0213/16,AZARIA,TEWODROS,MEKONNEN,M,BIOTECH,B- 11,D-006,,,
23,ETS0627/16,GETNET,TOMAS,DEGU,M,BIOTECH,B- 11,D-006,,,
24,ETS0744/16,ISMAEL,MOHAMMED,ISMAEL,M,BIOTECH,B- 11,D-006,,,
25,ETS0893/16,MANDEFRO,ENDALK,MESFIN,M,BIOTECH,B- 11,D-007,,,
26,ETS0928/16,MEKUANINT,EJIGU,ALEM,M,BIOTECH,B- 11,D-007,,,
27,ETS0979/16,MIHIRETAB,GETAHUN,TEFERA,M,BIOTECH,B- 11,D-007,,,
28,ETS0985/16,MIKIYAS,ALEMAYEHU,SHUMYE,M,BIOTECH,B- 11,D-007,,,
29,ETS1040/15,NATHAN,ASHEBIR,KOCHITO,M,BIOTECH,B- 11,D-008,,,
30,ETS1410/16,YARED,BAIYLE,AZMERAW,M,BIOTECH,B- 11,D-008,,,
31,ETS1505/16,YONATAN,BERHE,GEBREGZIABHER,M,BIOTECH,B- 11,D-008,,,
32,ETS1519/16,YONATHAN,TILAHUN,ABEBE,M,BIOTECH,B- 11,D-008,,,
33,ETS1550/16,ZAKIR,SALIM,ABDULLAHI,M,BIOTECH,B- 11,D-013,,,
370,ETS0001/16,AARON,SEIFU,ADMASSU,M,ENVI. E,B- 11,D-013,,,
371,ETS0067/15,ABIREHAM,DEMILIE,BELAY,M,ENVI. E,B- 11,D-013,,,
372,ETS0071/16,ABENEZER,YAREGAL,ASFAW,M,ENVI. E,B- 11,D-013,,,
373,ETS0086/16,ABREHAM,ESHETU,AYELE,M,ENVI. E,B- 11,D-014,,,
374,ETS0118/16,AHMED,YASIN,AHMED,M,ENVI. E,B- 11,D-014,,,
375,ETS0120/16,AKLILU,BELETE,CHANIE,M,ENVI. E,B- 11,D-014,,,
376,ETS0121/16,AKLILU,WASSIE,SHIFERAW,M,ENVI. E,B- 11,D-014,,,
377,ETS0145/16,AMANUEL,FIKRESELAM,DENEKE,M,ENVI. E,B- 11,D-015,,,D-020
378,ETS0179/16,ANTEHUN,GETASEW,ENDEG,M,ENVI. E,B- 11,D-015,,,D-020
379,ETS0289/14,BEREKET,TESFAMARIAM,BISRAT,M,ENVI. E,B- 11,D-015,,,D-020
380,ETS0321/16,BIRUK,SOLOMON,GEBRE,M,ENVI. E,B- 11,D-015,,,D-020
381,ETS0369/16,DAGMAWI,SOLOMON,ADAMU,M,ENVI. E,B- 11,D-101,,,D-021
382,ETS0484/16,ERMIYAS,TESSEMA,TSEGAYE,M,ENVI. E,B- 11,D-101,,,D-021
383,ETS0607/16,FUAD,KADIIR,GEMECHU,M,ENVI. E,B- 11,D-101,,,D-021
384,ETS0822/16,KIDUS,LEMAWORK,ALEMU,M,ENVI. E,B- 11,D-101,,,D-021
385,ETS0855/16,LEUL,ESHETE,DEMISSIE,M,ENVI. E,B- 11,D-102,,,D-022
386,ETS0858/16,LEUL,MEKONNEN,BEFEKADU,M,ENVI. E,B- 11,D-102,,,D-022
387,ETS0896/16,MARALEW,GETU,GEBEYEHU,M,ENVI. E,B- 11,D-102,,,D-022
388,ETS0964/16,MEZMURE,DAWIT,MAMO,M,ENVI. E,B- 11,D-102,,,D-022
389,ETS0968/16,MICHAEL,GETACHEW,GUTEMA,M,ENVI. E,B- 11,D-103,,,
390,ETS0969/16,MICHAEL,TADESSE,ALEMU,M,ENVI. E,B- 11,D-103,,,
391,ETS1102/16,NATNAEL,SOLOMON,ABATE,M,ENVI. E,B- 11,D-103,,,
392,ETS1129/16,NIKODIMOS,GETINET,ABAY,M,ENVI. E,B- 11,D-103,,,
393,ETS1132/16,NOHA,MATHIOS,FANTAHUN,M,ENVI. E,B- 11,D-104,,,
394,ETS1154/16,RABIRA,BERESA,FELAMA,M,ENVI. E,B- 11,D-104,,,
395,ETS1222/16,SAMUEL,AYELE,HUNDE,M,ENVI. E,B- 11,D-104,,,
396,ETS1437/16,YEABSIRA,TAKELE,LEMA,M,ENVI. E,B- 11,D-104,,,
397,ETS1475/16,YOHANNES,ADERAW,FEREDE,M,ENVI. E,B- 11,D-105,,,
398,ETS1513/16,YONATAN,TESFAYE,SILIJO,M,ENVI. E,B- 11,D-105,,,
399,ETS1538/16,YOSEPH,GETNET,ADMAS,M,ENVI. E,B- 11,D-105,,,
400,ETS1553/16,ZEKARIYAS,NGUSU,ASAMENE,M,ENVI. E,B- 11,D-105,,,
401,ETS0134/16,ALPRASIM,GIRMA,BERHANU,M,FSN,B- 11,D-106,,,
402,ETS0175/16,ANATOLI,SOLOMON,MOTI,M,FSN,B- 11,D-106,,,
403,ETS0196/16,ASER,GIZACHEW,SEIFU,M,FSN,B- 11,D-106,,,
404,ETS0308/15,BIRUK,GETANEH,HAILE,M,FSN,B- 11,D-106,,,
405,ETS0459/16,ELROE,WUBLIKER,SENESHAW,M,FSN,B- 11,D-107,,,
406,ETS0518/16,EYOB,BIZUNEH,TADESSE,M,FSN,B- 11,D-107,,,
407,ETS0520/16,EYOB,KEBEDE,ATISEBI,M,FSN,B- 11,D-107,,,
408,ETS0562/16,FIKER,GEBEYEHU,SEMEGN,M,FSN,B- 11,D-107,,,
409,ETS0564/16,FIKEREAB,ANTENEH,SEIFU,M,FSN,B- 11,D-108,,,
410,ETS0672/16,HAWINAN,BERHANU,OLJIRA,M,FSN,B- 11,D-108,,,
411,ETS0756/16,JOHN,KEBASHI,MOHAMMED,M,FSN,B- 11,D-108,,,
412,ETS0763/16,KALEAB,MEKASHA,TSEGAYE,M,FSN,B- 11,D-108,,,
413,ETS0770/16,KALEB,DIRSHAYE,HABTE,M,FSN,B- 11,D-109,,,
414,ETS0815/16,KIDUS,AYALEW,AKALU,M,FSN,B- 11,D-109,,,
415,ETS0830/16,KIDUS,TAYE,TEKA,M,FSN,B- 11,D-109,,,
416,ETS0864/16,LEWI,MELAKU,KEBEDE,M,FSN,B- 11,D-109,,,
417,ETS0882/16,MAHDER,CHERNET,BERYA,M,FSN,B- 11,D-110,,,
418,ETS1163/16,RAMI,EZEDIN,REDWAN,M,FSN,B- 11,D-110,,,
419,ETS1264/16,SELMAN,ENDRIS,NEGUS,M,FSN,B- 11,D-110,,,
420,ETS1274/16,SEYFE,SISAY,WORKYE,M,FSN,B- 11,D-110,,,
421,ETS1340/16,TESFAMARIAM,HIKA,MERGA,M,FSN,B- 11,D-111,,,
422,ETS1416/16,YARED,MEKURIA,TASEW,M,FSN,B- 11,D-111,,,
423,ETS1487/16,YOHANNES,TIBEBU,ASEFA,M,FSN,B- 11,D-111,,,
424,ETS1547/16,YUNUS,ABDU,ALIYE,M,FSN,B- 11,D-111,,,
458,ETS0042/16,ABEL,NIGATU,NEGASH,M,MECH. E,B- 11,D-112,,,
459,ETS0049/16,ABEL,WONDMU,MELAK,M,MECH. E,B- 11,D-112,,,
460,ETS0050/16,ABEMELEK,ELIAS,TALEFE,M,MECH. E,B- 11,D-112,,,
461,ETS0057/16,ABENEZER,DANIEL,TESFAYE,M,MECH. E,B- 11,D-112,,,
462,ETS0107/16,ADONIAS,TEMESGEN,WORKU,M,MECH. E,B- 11,D-113,,,
463,ETS0125/16,ALAZAR,SOLOMON,KEBEDE,M,MECH. E,B- 11,D-113,,,
464,ETS0156/16,AMANUEL,TEMESGEN,CHISHA,M,MECH. E,B- 11,D-113,,,
465,ETS0159/16,AMANUEL,YEHUALASHET,GEBREMICHAEL,M,MECH. E,B- 11,D-113,,,
466,ETS0248/16,BENIAM,NEGUSSIE,ZELEKE,M,MECH. E,B- 11,D-114,,,
467,ETS0255/16,BEREKET,HAILU,DILENSSA,M,MECH. E,B- 11,D-114,,,
468,ETS0260/16,BEREKET,ZEMENU,TADESSE,M,MECH. E,B- 11,D-114,,,
469,ETS0302/16,BINIYAM,DANIEL,TENFO,M,MECH. E,B- 11,D-114,,,
470,ETS0307/16,BINYAM,ASHENAFI,MESELE,M,MECH. E,B- 11,D-115,,,
471,ETS0316/16,BIRUK,FANUEL,KEBEDE,M,MECH. E,B- 11,D-115,,,
472,ETS0317/16,BIRUK,KEBEDE,AMARE,M,MECH. E,B- 11,D-115,,,
473,ETS0322/16,BIRUK,SOLOMON,BERIHU,M,MECH. E,B- 11,D-115,,,
474,ETS0349/16,CHALACHEW,SEWNET,REGA,M,MECH. E,B- 11,D-116,,,
475,ETS0350/16,CHILOTAW,TESFAYE,ENGIDA,M,MECH. E,B- 11,D-116,,,
476,ETS0385/16,DANIEL,DAMTEW,ABABEYE,M,MECH. E,B- 11,D-116,,,
477,ETS0394/16,DAWIT,ASSEFA,LEMI,M,MECH. E,B- 11,D-116,,,
478,ETS0449/16,ELENI,KIBATU,MINUTA,M,MECH. E,B- 11,D-117,,,
479,ETS0471/14,DAWIT,SINTAYEHU,MENGSTIE,M,MECH. E,B- 11,D-117,,,
480,ETS0508/16,EYAEL,MEKUANINT,BANTELAY,M,MECH. E,B- 11,D-117,,,
481,ETS0517/16,EYOB,BIRHANU,WAKJIRA,M,MECH. E,B- 11,D-117,,,
482,ETS0584/16,FILOMINA,ZEWDU,WOLDE,M,MECH. E,B- 11,D-118,,,
483,ETS0632/16,GOSA,BEDADA,GEREMEWU,M,MECH. E,B- 11,D-118,,,
484,ETS0635/16,HABTAMU,MULUGETA,FIKADU,M,MECH. E,B- 11,D-118,,,
485,ETS0639/16,HAILE,MEKONNEN,AGIDEW,M,MECH. E,B- 11,D-118,,,
486,ETS0640/16,HAILELEUL,YIRDACHEW,WOLDE,M,MECH. E,B- 11,D-201,,,
487,ETS0649/16,HAMZA,BILOW,ABDULAHI,M,MECH. E,B- 11,D-201,,,
488,ETS0757/16,JONATHAN,TESFAYE,KASSAHUN,M,MECH. E,B- 11,D-201,,,
489,ETS0759/16,KALEAB,ABAY,WOLDIE,M,MECH. E,B- 11,D-201,,,
490,ETS0789/16,KEFYALEW,TULU,DAMASA,M,MECH. E,B- 11,D-202,,,
491,ETS0802/16,KETSEBAOT,GIZACHEW,MAMUYE,M,MECH. E,B- 11,D-202,,,
492,ETS0888/16,MAHLET,ARAYA,GEBREMICHAEL,M,MECH. E,B- 11,D-202,,,
493,ETS0908/16,MEBA,MUDESIR,DEGIFE,M,MECH. E,B- 11,D-202,,,
494,ETS0974/16,MIERAF,AFEWORK,MEIMEN,M,MECH. E,B- 11,D-203,,,
495,ETS0993/16,MILKIAS,BELACHEW,DEJENE,M,MECH. E,B- 11,D-203,,,
496,ETS1047/16,NAHOM,ALEM,GOSSAYE,M,MECH. E,B- 11,D-203,,,
497,ETS1065/16,NAHOM,ZEWDU,MIRANI,M,MECH. E,B- 11,D-203,,,
498,ETS1066/16,NAMUS,BERHANU,BEDEWI,M,MECH. E,B- 11,D-204,,,
499,ETS1087/16,NATHNAEL,FENTAHUN,MENGISTU,M,MECH. E,B- 11,D-204,,,
500,ETS1130/16,NOAH,ASCHALEW,ABERA,M,MECH. E,B- 11,D-204,,,
501,ETS1156/16,RAHEL,ALEMU,KASSA,M,MECH. E,B- 11,D-204,,,
502,ETS1182/16,ROBEL,ASAMERE,LIRAMO,M,MECH. E,B- 11,D-205,,,
503,ETS1220/16,SAMUEL,ABRAHAM,GEBRESLASSE,M,MECH. E,B- 11,D-205,,,
504,ETS1225/16,SAMUEL,ELYAS,MEKONIN,M,MECH. E,B- 11,D-205,,,
505,ETS1236/16,SAMUEL,TSIGE,AKLILU,M,MECH. E,B- 11,D-205,,,
506,ETS1246/16,SARON,ASSEFA,GEMEDA,M,MECH. E,B- 11,D-206,,,
507,ETS1261/16,SELHADIN,SADIK,BEHRANI,M,MECH. E,B- 11,D-206,,,
508,ETS1287/16,SIMON,HAILU,HAGOS,M,MECH. E,B- 11,D-206,,,
509,ETS1358/16,TINSAE,SHIMELES,GURARA,M,MECH. E,B- 11,D-206,,,
510,ETS1372/16,TSEGAZEAB,MUHDIN,ADMAMAW,M,MECH. E,B- 11,D-207,,,
511,ETS1402/16,YAFET,HAILE,TEFERI,M,MECH. E,B- 11,D-207,,,
512,ETS1404/16,YAFET,SEID,YUSSUF,M,MECH. E,B- 11,D-207,,,
513,ETS1412/16,YARED,GEBREMARIAM,MULUGETA,M,MECH. E,B- 11,D-207,,,
514,ETS1415/16,YARED,LISANEWORK,TEKLE,M,MECH. E,B- 11,D-208,,,
515,ETS1417/16,YARED,MELKAMU,ABEBAW,M,MECH. E,B- 11,D-208,,,
516,ETS1433/16,YEABSIRA,GIZACHEW,MAMO,M,MECH. E,B- 11,D-208,,,
517,ETS1463/16,YISIHAK,MESERET,AYELE,M,MECH. E,B- 11,D-208,,,
518,ETS1483/16,YOHANNES,GIRMA,KEBEDE,M,MECH. E,B- 11,D-209,,,
519,ETS1484/16,YOHANNES,MARKOS,ABEBO,M,MECH. E,B- 11,D-209,,,
520,ETS1540/16,YOSEPH,HABTAMU,KASSAHUN,M,MECH. E,B- 11,D-209,,,
521,ETS1545/16,YOSEPH,TEKLU,GEBREMESKEL,M,MECH. E,B- 11,D-209,,,
522,ETS1678/16,KIRUBEL,DINKU,YADETA,M,MECH. E,B- 11,D-210,,,
523,ETS1423/16,YEABISRA,RETA,DEMESSAW,M,CHEM E,B- 11,D-210,,,
524,ETS1522/15,ASIM,TEMESGEN,OUMER,M,CHEM E,B- 11,D-210,,,
525,ETS1561/16,ZEMICHAEL,TEFERI,FANTA,M,CHEM E,B- 11,D-210,,,
526,ETS1453/16,YIBELTAL,MARIE,GETU,M,SWE,B- 11,D-211,,,
527,ETS1455/16,YIDNEKACHEW,ZERIHUN,FIKRE,M,SWE,B- 11,D-211,,,
528,ETS1458/16,YISAK,ASRAT,INDALE,M,SWE,B- 11,D-211,,,
529,ETS1465/16,YITBAREK,YONAS,GEBEREGIZABHER,M,SWE,B- 11,D-211,,,
530,ETS1494/16,YONAS,BEGASHAW,MOGES,M,SWE,B- 11,D-212,,,
531,ETS1495/16,YONAS,DEMISE,BIZUNEH,M,SWE,B- 11,D-212,,,
532,ETS1503/16,YONAS,ZEGEYE,TESFAYE,M,SWE,B- 11,D-212,,,
533,ETS1535/16,YOSEPH,ASRAT,KEBEDE,M,SWE,B- 11,D-212,,,
534,ETS1557/16,ZEMEDKUN,WORKALEM,KEBEDE,M,SWE,B- 11,D-216,,,
535,ETS1563/16,ZERIHUN,BERHANU,GEBREMEDHN,M,SWE,B- 11,D-216,,,
536,ETS1668/16,ABDISSA,HABTAMU,TAYE,M,SWE,B- 11,D-216,,,
541,ETS0012/16,ABDULHAFIZ,NESRU,DEMBEL,M,MINING E,B- 11,D-216,,,
542,ETS0014/16,ABDULKENI,SEID,MUSSA,M,MINING E,B- 11,D-218,,,
543,ETS0015/16,ABDULKERIM,AMAN,WACHIFO,M,MINING E,B- 11,D-218,,,
544,ETS0090/16,ABRHAM,MEKONNEN,ALEMU,M,MINING E,B- 11,D-218,,,
545,ETS0217/16,BAHIR,NEZIF,SHEKEMAL,M,MINING E,B- 11,D-218,,,
546,ETS0368/16,DAGMAWI,MESFIN,ENYEW,M,MINING E,B- 11,D-301,,,
547,ETS0389/16,DANIEL,KAHSAY,MESELE,M,MINING E,B- 11,D-301,,,
548,ETS0406/16,DEGAGA,MEKONNIN,TOLERA,M,MINING E,B- 11,D-301,,,
549,ETS0522/15,EZEKIEL,LEACH,DONALD,M,MINING E,B- 11,D-301,,,
550,ETS0746/16,ISRAEL,ABDELA,SEIFU,M,MINING E,B- 11,D-303,,,
551,ETS0753/16,JEMAL,MUHAMMED,ZEKERYA,M,MINING E,B- 11,D-303,,,
552,ETS1400/16,YAFET,ELIAS,KITILA,M,MINING E,B- 11,D-303,,,
553,ETS1458/15,YONAS,MESKEL,AMDINO,M,MINING E,B- 11,D-303,,,
554,ETS1586/16,AMIR,MOHAMED,AHMED,M,MINING E,B- 11,D-304,,,
555,ETS0038/16,ABEL,MEKONNEN,TESFAYE,M,SWE,B- 11,D-304,,,
556,ETS0040/16,ABEL,NEGASH,ESTIFANOS,M,SWE,B- 11,D-304,,,
557,ETS0056/16,ABENEZER,DAGNE,MENBERU,M,SWE,B- 11,D-304,,,
558,ETS0067/16,ABENEZER,SHIFERAW,TALTA,M,SWE,B- 11,D-305,,,
559,ETS0089/16,ABRHAM,ARAGIE,SEID,M,SWE,B- 11,D-305,,,
560,ETS0094/16,ABRHAM,TERAMED,NEGA,M,SWE,B- 11,D-305,,,
561,ETS0099/16,ADDIS,SHIFERAW,DESTA,M,SWE,B- 11,D-305,,,
562,ETS0113/16,AHADU,AKALU,HIRUY,M,SWE,B- 11,D-306,,,
563,ETS0130/16,ALEHEGNE,GETA,ENYEWU,M,SWE,B- 11,D-306,,,
564,ETS0140/16,AMANUEL,AYELE,GETACHEW,M,SWE,B- 11,D-306,,,
565,ETS0147/16,AMANUEL,GETACHEW,KASSA,M,SWE,B- 11,D-306,,,
566,ETS0148/16,AMANUEL,HABTAMU,ABERA,M,SWE,B- 11,D-307,,,
567,ETS0165/16,AMEN,TESHOME,REGASSA,M,SWE,B- 11,D-307,,,
568,ETS0167/16,AMIR,ABDULJELIL,MIFTAH,M,SWE,B- 11,D-307,,,
569,ETS0169/16,AMIR,YIMAM,ESHETU,M,SWE,B- 11,D-307,,,
570,ETS0193/16,ASCHALEW,GETAHUN,GEBEYEHU,M,SWE,B- 11,D-308,,,
571,ETS0211/16,AZARIA,ABENET,FITTA,M,SWE,B- 11,D-308,,,
572,ETS0224/16,BAROK,YESHIBER,ASSEFA,M,SWE,B- 11,D-308,,,
573,ETS0236/16,BEFIKER,KASSAHUN,TESSEMA,M,SWE,B- 11,D-308,,,
574,ETS0240/16,BEKAM,YOSEPH,ADAM,M,SWE,B- 11,D-309,,,
575,ETS0251/16,BEREKET,DESALEGN,ESHETE,M,SWE,B- 11,D-309,,,
576,ETS0259/16,BEREKET,TESFAYE,WAKSHUME,M,SWE,B- 11,D-309,,,
577,ETS0285/16,BETSEGAW,TESFAYE,WOLDEGEBRIEL,M,SWE,B- 11,D-309,,,
578,ETS0297/15,BINYAM,YALEW,GEDAM,M,SWE,B- 11,D-310,,,
579,ETS0304/16,BINIYAM,KINFE,GEBREKIDAN,M,SWE,B- 11,D-310,,,
580,ETS0352/16,DAGAGA,DASTA,BAKALA,M,SWE,B- 11,D-310,,,
581,ETS0367/16,DAGMAWI,FEYISSA,REFU,M,SWE,B- 11,D-310,,,
582,ETS0387/16,DANIEL,GASHAW,KEBEDE,M,SWE,B- 11,D-311,,,
583,ETS0396/16,DAWIT,BEZA,TADEG,M,SWE,B- 11,D-311,,,
584,ETS0400/16,DAWIT,LULIE,KUMLACHEW,M,SWE,B- 11,D-311,,,
585,ETS0413/16,DESSIE,MENGAHUN,TILAHUN,M,SWE,B- 11,D-311,,,
586,ETS0472/16,EMRAN,SEID,MOHAMMED,M,SWE,B- 11,D-312,,,
587,ETS0496/16,ESTIFANOS,ALEMU,DIGA,M,SWE,B- 11,D-312,,,
588,ETS0522/16,EYOB,TESFAYE,TEMESGEN,M,SWE,B- 11,D-312,,,
589,ETS0532/16,EYOSIAS,MESFIN,AYNALEM,M,SWE,B- 11,D-312,,,
590,ETS0533/16,EYOSIYAS,ALEMAYEHU,ABEBE,M,SWE,B- 11,D-313,,,
591,ETS0544/16,FAHMI,RAHMET,HUSSEN,M,SWE,B- 11,D-313,,,
592,ETS0576/16,FIKREMARIAM,DEBELA,KEACHER,M,SWE,B- 11,D-313,,,
593,ETS0587/16,FIRAOL,BASHADA,DAME,M,SWE,B- 11,D-313,,,
594,ETS0588/16,FIRAOL,GULA,RIKITU,M,SWE,B- 11,D-314,,,
595,ETS0601/16,FITSUM,MULUGETA,HAILU,M,SWE,B- 11,D-314,,,
596,ETS0608/16,FUAD,YIBRIE,ALI,M,SWE,B- 11,D-314,,,
597,ETS0628/16,GETNET,YIDEG,ABATNEH,M,SWE,B- 11,D-314,,,
598,ETS0658/16,HANI,KIROS,GEBREZGI,M,SWE,B- 11,D-315,,,
599,ETS0717/16,HIRUY,HABTAMU,DEBALKIE,M,SWE,B- 11,D-315,,,
600,ETS0734/16,IBSA,ABERA,SORI,M,SWE,B- 11,D-315,,,
601,ETS0755/16,JIBRIL,MAGAG,ABDI,M,SWE,B- 11,D-315,,,
602,ETS0758/16,KALAEB,SOLOMON,NIGUSE,M,SWE,B- 11,D-316,,,
603,ETS0769/16,KALEB,DEREJE,KEBEDE,M,SWE,B- 11,D-316,,,
604,ETS0816/16,KIDUS,BAFENA,BETELA,M,SWE,B- 11,D-316,,,
605,ETS0828/16,KIDUS,MULUGETA,KEBEDE,M,SWE,B- 11,D-316,,,
606,ETS0831/16,KIDUS,TESSEMA,MANYAHLE,M,SWE,B- 11,D-317,,,
607,ETS0836/16,KIRUBEL,ANTENEH,ABEBE,M,SWE,B- 11,D-317,,,
608,ETS0837/16,KIRUBEL,LEMMA,YADECHA,M,SWE,B- 11,D-317,,,
609,ETS0841/15,LIYUNEH,RSTEY,GASHIE,M,SWE,B- 11,D-317,,,
610,ETS0847/16,LALISA,TAMENE,TOKUMA,M,SWE,B- 11,D-318,,,
611,ETS0849/16,LELISA,HAYILU,TABOR,M,SWE,B- 11,D-318,,,
612,ETS0852/16,LEOUL,ZERIHUN,TAFESSE,M,SWE,B- 11,D-318,,,
613,ETS0881/16,MAHDER,ASHENAFI,KEFENE,M,SWE,B- 11,D-318,,,
614,ETS0912/16,MEHERETABE,ABAYNEH,ZEWDU,M,SWE,B- 11,D-401,,,
615,ETS0976/16,MIGBARU,BELAY,ARGACHEW,M,SWE,B- 11,D-401,,,
616,ETS1010/16,MOHAMMED,MOGES,KASSIE,M,SWE,B- 11,D-401,,,
617,ETS1026/16,MUHAMMED,ALI,ABDELA,M,SWE,B- 11,D-401,,,
618,ETS1038/16,MUSSIE,FEREDE,DEGEFAW,M,SWE,B- 11,D-402,,,
619,ETS1040/16,MUSSIE,TADESSE,TAMIRAT,M,SWE,B- 11,D-402,,,
620,ETS1041/16,MUSSIE,TAREKEGN,BAYE,M,SWE,B- 11,D-402,,,
621,ETS1069/16,NAOD,GEBEYAW,ASSEFA,M,SWE,B- 11,D-402,,,
622,ETS1081/16,NATAN,ASNAKE,ZELEUL,M,SWE,B- 11,D-403,,,
623,ETS1088/16,NATHNAEL,TAMIRAT,WOLDEMARIAM,M,SWE,B- 11,D-403,,,
624,ETS1117/16,NEGASI,BERIHU,WELDEGIORGIS,M,SWE,B- 11,D-403,,,
625,ETS1149/16,PAULOS,ASMELASH,TEWELDEMEDHN,M,SWE,B- 11,D-403,,,
626,ETS1187/16,ROBEL,WONDWOSEN,TADESSE,M,SWE,B- 11,D-404,,,
627,ETS1210/16,SAHLESELASE,ASMAMAW,TEGEGNE,M,SWE,B- 11,D-404,,,
628,ETS1214/16,SAMI,SIRAJ,NURHUSSEIN,M,SWE,B- 11,D-404,,,
629,ETS1219/16,SAMUEL,ABEBE,GULMA,M,SWE,B- 11,D-404,,,
630,ETS1230/16,SAMUEL,LIRE,BACHORO,M,SWE,B- 11,D-405,,,
631,ETS1249/16,SAYZANA,KIBRU,CHALA,M,SWE,B- 11,D-405,,,
632,ETS1252/16,SEFEFE,DAGNE,ABEBE,M,SWE,B- 11,D-405,,,
633,ETS1263/16,SELMAN,AWEL,DRAGA,M,SWE,B- 11,D-405,,,
634,ETS1273/16,SEYFADIN,ABDELA,KEDIR,M,SWE,B- 11,D-406,,,
635,ETS1290/16,SINGITAN,NIGUSE,TILAHUN,M,SWE,B- 11,D-406,,,
636,ETS1297/16,SOFONIAS,MITIKU,BEDRU,M,SWE,B- 11,D-406,,,
637,ETS1298/16,SOFONIYAS,ALEBACHEW,FENTAW,M,SWE,B- 11,D-406,,,
638,ETS1308/16,SOLOMON,KAHSAY,TEGEGNE,M,SWE,B- 11,D-407,,,
639,ETS1315/16,SUHEIL,ALI,MOHAMMED,M,SWE,B- 11,D-407,,,
640,ETS1322/16,SURAFEL,MESFIN,BIRHANU,M,SWE,B- 11,D-407,,,
641,ETS1324/16,SURAFEL,SINTAYEHU,TITO,M,SWE,B- 11,D-407,,,
642,ETS1333/16,TAMRU,MASRESHA,BITEW,M,SWE,B- 11,D-408,,,
643,ETS1336/16,TEKLEYESUS,ASTERAW,MEKONEN,M,SWE,B- 11,D-408,,,
644,ETS1337/16,TEMESGEN,BELAY,GIRMA,M,SWE,B- 11,D-408,,,
645,ETS1350/16,THOMAS,ADDISU,MENGSTIE,M,SWE,B- 11,D-408,,,
646,ETS1359/16,TINSAE,ZEGEYE,TESFAYE,M,SWE,B- 11,D-409,,,
647,ETS1403/16,YAFET,MICHAEL,LAKEW,M,SWE,B- 11,D-409,,,
648,ETS1414/16,YARED,KASSU,SIME,M,SWE,B- 11,D-409,,,
649,ETS1426/16,YEABSIRA,AYELE,KEBEDE,M,SWE,B- 11,D-409,,,
34,ETS0013/16,ABDULHAKIM,FEDLU,MOHAMMED,M,CHEM E,B- 11,D-410,,,
35,ETS0021/16,ABDUREHMAN,SIRAGE,MOHAMMED,M,CHEM E,B- 11,D-410,,,
650,ETS1429/16,YEABSIRA,BELETE,BAFA,M,SWE,B- 11,D-410,,,
651,ETS1449/16,YEROSAN,BEKELE,HATAHU,M,SWE,B- 11,D-410,,,
36,ETS0045/16,ABEL,TEFERA,AKSMA,M,CHEM E,B- 11,D-411,,,
37,ETS0051/16,ABEMELEK,SAMSON,GEZACHEW,M,CHEM E,B- 11,D-411,,,
38,ETS0198/16,ASHENAFI,GEBRESLASSIE,GEBREMEDHIN,M,CHEM E,B- 11,D-411,,,
39,ETS0200/16,ASNEKE,ADUGNA,REGASSE,M,CHEM E,B- 11,D-411,,,
40,ETS0227/16,BAYIE,MESERET,NIGUSIE,M,CHEM E,B- 11,D-412,,,
41,ETS0241/16,BEKELE,TADESSE,FAYE,M,CHEM E,B- 11,D-412,,,
42,ETS0252/16,BEREKET,FIKRU,TESSEMA,M,CHEM E,B- 11,D-412,,,
43,ETS0256/16,BEREKET,MENGISTU,BERHANU,M,CHEM E,B- 11,D-412,,,
44,ETS0310/16,BIRHANEMESKEL,GEZE,ABEJE,M,CHEM E,B- 11,D-413,,,
45,ETS0311/16,BIRHANU,ASSAYE,YENESEW,M,CHEM E,B- 11,D-413,,,
46,ETS0318/16,BIRUK,KEFIYALEW,KEBEDE,M,CHEM E,B- 11,D-413,,,
47,ETS0370/16,DAGMAWI,SOLOMON,HURISA,M,CHEM E,B- 11,D-413,,,
48,ETS0371/16,DAGMAWI,TESEMA,OLUMA,M,CHEM E,B- 11,D-414,,,
49,ETS0454/16,ELIAS,ANDUALEM,ALENE,M,CHEM E,B- 11,D-414,,,
50,ETS0475/16,ENDALE,MELS,WELDE,M,CHEM E,B- 11,D-414,,,
51,ETS0500/16,ESUBALEW,GETACHEW,BEKELE,M,CHEM E,B- 11,D-414,,,
52,ETS0502/16,ETHNAN,GIRMA,TESSEMA,M,CHEM E,B- 11,D-415,,,
53,ETS0521/16,EYOB,NEGASH,BEZABH,M,CHEM E,B- 11,D-415,,,
54,ETS0530/16,EYOEL,HAILU,BELDA,M,CHEM E,B- 11,D-415,,,
55,ETS0625/16,GETAHUN,JIBUR,BEKALU,M,CHEM E,B- 11,D-415,,,
56,ETS0697/16,HENOK,GASHAW,ASSEFA,M,CHEM E,B- 11,D-416,,,
57,ETS0962/16,METSNANAT,GOSHU,BEKELE,M,CHEM E,B- 11,D-416,,,
58,ETS0991/16,MIKYAS,TEFERA,TSEGAYE,M,CHEM E,B- 11,D-416,,,
59,ETS1006/16,MOHAMMED,ABDULMELIK,HASSEN,M,CHEM E,B- 11,D-416,,,
60,ETS1015/16,MOHAMMEDSEID,MUSTEFFA,SEID,M,CHEM E,B- 11,D-417,,,
61,ETS1035/16,MUSE,ISAC,ABERA,M,CHEM E,B- 11,D-417,,,
62,ETS1056/16,NAHOM,MULUGETA,TADESSE,M,CHEM E,B- 11,D-417,,,
63,ETS1108/16,NATOLI,ABREHAM,MIO,M,CHEM E,B- 11,D-417,,,
64,ETS1235/16,SAMUEL,TESFAYE,KEFYALEW,M,CHEM E,B- 11,D-418,,,
65,ETS1265/16,SELMAN,HAMID,MUSSA,M,CHEM E,B- 11,D-418,,,
66,ETS1332/16,TAMIRAT,TESEMA,ARUSA,M,CHEM E,B- 11,D-418,,,
67,ETS1413/16,YARED,GEBREMIKAEL,GEBREHIWOT,M,CHEM E,B- 11,D-418,,,