No. ,Student ID,First Name,Father Name,GFather Name,Sex,Prev. Status,block,dorm
1,ETS0242/13,BETHELEHEM,ZERIHUN,BEDASSO,F,Chemical ,B - 06,110
2,ETS0263/13,BEZAWIT,GIRMA,DEGEME,F,Chemical ,B - 06,110
3,ETS0372/13,DEBORAH,KENENI,TAA,F,Chemical ,B - 06,110
4,ETS1119/13,SAMRAWIT,ASEFA,TADESSE,F,Chemical ,B - 06,110
5,ETS1184/15,SALIHA,ABDELLA,SALISO,F,Civil,B - 08,10
6,ETS1613/14,YADENE,ABREHAM,HAILE,F,Civil,B - 08,11
7,ETS0784/13,MAHDER,SHIMELS,LEGESSE,F,Civil,B - 08,11
8,ETS0788/12,BETHELHEM,TAFESSE,ESHETU,F,Civil,B - 08,15
9,ETS0979/12,DERARTU,FEKADU,NEGESE,F,Civil,B - 08,313
10,ETS0739/16,IMAN,LUKABA,MOHAMMED,F,ECE,B - 08,118
11,ETS1134/16,NOLAWIT,MESFIN,TADESSE,F,ECE,B - 08,207
12,ETS1153/16,QENENII,DANDENA,TOLESSA,F,ECE,B - 08,213
13,ETS1192/15,SAMRAWIT,MESFIN,ASFAW,F,ECE,B - 08,219
14,ETS0515/14,ELENI,SAMSON,ASRAT,F,ECE,B - 08,424
15,ETS0575/14,EYERUSALEM,GASHAW,MISGANAW,F,ECE,B - 08,424
16,ETS0576/14,EYERUSALEM,FISSHA,SHIFERAW,F,ECE,B - 08,424
17,ETS0606/13,HELINA,ZELEKE,GENTA,F,ECE,B - 08,424
18,ETS0649/14,FIKIR,MOHAMMED,DEMISSIE,F,ECE,B - 08,423
19,ETS0763/14,HELENA,TEAME,GEBREYOHANIS,F,ECE,B - 08,423
20,ETS1063/13,NIYAT,HALEFOM,KAHSAY,F,ECE,B - 08,421
21,ETS1295/14,NEDI,MEBRATE,DUFERA,F,ECE,B - 08,412
22,ETS1333/14,RAHEL,EYASU,BELACHEW,F,ECE,B - 08,407
23,ETS0554/18,ELSHADDAI,AWOKE,BIRHANU,F,ENVI,B - 08,307
24,ETS0803/18,HELEN,MEBRAHTU,TEKLE,F,ENVI,B - 06,424
25,ETS0092/15,ADEY,SISAY,ENDALE,F,ENVI,B - 06,424
26,ETS0400/13,ABIGAIL,MULUGETA,TESGAYE,F,ENVI,B - 06,424
27,ETS1197/13,SUMEYA,ABDELLA,MOHAMMED,F,ENVI,B - 06,424
28,ETS0892/16,MAKDA,SOLOMON,GEBREEGZIABHER,F,SWE,B - 08,324
29,ETS1076/16,NARDOS,ANTENEH,TILAHUN,F,SWE,B - 08,324
30,ETS1257/16,SELAM,WAGAYE,BELAY,F,SWE,B - 08,408
31,ETS1574/16,YEABSIRA,YOHANNES,ASFAW,F,SWE,B - 08,408
32,ETS2455/14,TSION,MITIKU,MELAKU,F,INDU CH,B - 06,16