No. ,Student ID,First Name,Father Name,GFather Name,Sex,Prev. Status,Block,dorm
1,ETS0419/14,DAGIM,MICHEAL,BAYE,M,Chemical ,B - 10,106
2,ETS1144/14,NAHOM,LIBONAW,TADESSE,M,Chemical ,B - 10,106
3,ETS0167/11,BEFEKADU,BORSAMO,BOSHA,M,Chemical ,B - 10,115
4,ETS0303/13,BISRAT,AMBACHEW,KASSAW,M,Chemical ,B - 10,116
5,ETS0861/13,MICHAEL,GETACHEW,ABERA,M,Chemical ,B - 10,116
6,ETS0921/13,MUSE,WALELGNE,MELAKU,M,Chemical ,B - 16,420
7,ETS1334/13,YOHANIS,DESE,WOLDE,M,Chemical ,B - 16,420
8,ETS1471/14,SHEMSEDIN,ABDELLA,ADEM,M,Chemical ,B - 16,420
9,ETS0278/18,BEREKET,TESFAYE,TOLLA,M,Civil,B - 10,118
10,ETS0640/18,EZEDIN,BEHARU,HIYAR,M,Civil,B - 10,221
11,ETS0652/18,FAYERA,DIRIBA,REGASA,M,Civil,B - 10,222
12,ETS0854/17,KIDUS,TIBEBU,DAGNE,M,Civil,B - 10,222
13,ETS1161/17,NATNAEL,FANTU,SHEWAREGA,M,Civil,B - 10,423
14,ETS1017/16,MOTI,DEJENE,BAYISA,M,Civil,B - 10,423
15,ETS1339/15,WAKJIRA,FETENSA,NEGERI,M,Civil,B - 10,423
16,ETS0055/15,ABENEZER,TESFAYE,AYELE,M,Civil,B - 10,423
17,ETS0057/15,ABENEZER,DAWIT,MIHERETAB,M,Civil,B - 10,424
18,ETS0196/14,ANANYA,YONAS,SHIFERAW,M,Civil,B - 10,424
19,ETS0246/15,BEREKET,ALEMAYEHU,GUBE,M,Civil,B - 10,424
20,ETS0665/15,HENOK,SOLOMON,AYALEW,M,Civil,B - 10,424
21,ETS0739/15,KALEB,GENENE,TSEGAYE,M,Civil,B - 16,421
22,ETS1029/15,NATAN,GEREMEW,ARARSO,M,Civil,B - 16,421
23,ETS1044/15,NATHNAEL,ENDASHAW,KASSA,M,Civil,B - 16,421
24,ETS0443/14,DANIEL,FISSEHA,AWOKE,M,Civil,B - 16,421
25,ETS0485/13,EYUEL,TILAHUN,TAYE,M,Civil,B - 16,422
26,ETS0636/13,HIRUY,MELAKU,TESFAYE,M,Civil,B - 16,422
27,ETS0943/14,KIDUS,TEWODROS,GIRMA,M,Civil,B - 16,422
28,ETS0945/13,NAHOM,TADESSE,LEMMA,M,Civil,B - 16,422
29,ETS1200/13,SURAFFEL,ZELEKE,OURGIE,M,Civil,B - 16,423
30,ETS1482/14,SIRAWDINK,AYELE,ERUTE,M,Civil,B - 16,423
31,ETS1718/14,YOHANNES,TADESSE,GEBREYOHANNES,M,Civil,B - 16,423
32,ETS0104/16,ADONAY,SOLOMON,TASSEW,M,ECE,B - 12,10
33,ETS0195/16,ASER,DAGNACHEW,AFEWORK,M,ECE,B - 12,10
34,ETS0766/16,KALEAB,TESHOME,BALCHA,M,ECE,B - 12,10
35,ETS1217/16,SAMSON,TEKLEMARIYAM,SHAREW,M,ECE,B - 12,10
36,ETS0132/15,AMANUEL,MESFIN,EDA,M,ECE,B - 12,202
37,ETS0585/15,GEMECHU,SILESHI,EDOSA,M,ECE,B - 12,202
38,ETS0705/15,HUSEN,MOHAMED,MUZEYIN,M,ECE,B - 12,202
39,ETS0870/15,MAMARU,KINDIE,TAREKEGN,M,ECE,B - 12,202
40,ETS0431/13,ERMIYAS,GADISSA,YADETA,M,ECE,B - 12,412
41,ETS0479/18,EBISA,ABERA,BEYENE,M,EME,B - 12,23
42,ETS0801/15,KIRUBEL,AHMED,MOHAMMED,M,EME,B - 12,23
43,ETS1202/15,SAMUEL,DAWIT,SEYOUM,M,EME,B - 12,23
44,ETS1396/15,YEABSIRA,TILAYE,WALELIGN,M,EME,B - 12,23
45,ETS0039/13,ABEL,WONDWESEN,LANKA,M,EME,B - 12,119
46,ETS1127/13,SAMUEL,ACHALU,RAHMETO,M,EME,B - 12,119
47,ETS1128/13,SAMUEL,ALEMAYEHU,SEMUNIGUS,M,EME,B - 12,404
48,ETS1227/14,NATNAEL,GIRMA,ASELE,M,EME,B - 12,404
49,ETS0144/18,AMANUEL,DESALEGN,RAGA,M,ENVI,B - 12,404
50,ETS0386/18,CHERNET,HABTAMU,MELESE,M,ENVI,B - 12,404
51,ETS0223/18,AYMEN,MOHAMMED,SEID,M,MECH E,B - 16,423
52,ETS0215/13,BEREKET,TEKLE,TESSEMA,M,MECH E,B - 16,419
53,ETS0609/15,HAILEMARIAM,MOGES,FENTABIL,M,MINING,B - 10,416
54,ETS0386/16,DANIEL,EWNETU,AYALEW,M,SWE,B - 12,327
55,ETS1116/16,NEBIYU,YALEMGETA,DEMOZ,M,SWE,B - 12,327
56,ETS1213/16,SALIM,AHMED,SEID,M,SWE,B - 12,327
57,ETS1227/15,SEMAHEGN,SAMUEL,ESAYAS,M,SWE,B - 12,327
58,ETS0049/15,ABEL,TSEGAY,ATSBHA,M,SWE,B - 12,405
59,ETS0107/14,ABRHAM,MULUGETA,TEREFE,M,SWE,B - 12,405
60,ETS1854/14,CHALA,KEBEDE,ALAMNEH,M,GEOLOGY,B - 10,419
61,ETS2425/14,TAMIRAT,GETAHUN,WORKU,M,GEOLOGY,B - 12,324
62,ETS0166/17,AMAR,NUREDIN,MOHAMMED,M,INDU CH,B - 12,416
63,ETS2337/14,MULUKEN,GETACHEW,DICHA,M,INDU CH,B - 12,417
64,ETS2426/14,TARESA,KITATA,NAMARA,M,INDU CH,B - 12,428
65,ETS2450/14,TOLESA,NEGERO,BATE,M,INDU CH,B - 12,428